Date,Price,Open,High,Low,Vol.,Change %
2023-08-11,3.719,3.755,3.7675,3.695,95.10K,-1.22%
2023-08-10,3.765,3.7875,3.8315,3.7465,81.24K,-0.49%
2023-08-09,3.7835,3.7795,3.827,3.7635,85.71K,0.45%
2023-08-08,3.7665,3.842,3.842,3.7265,138.60K,-1.79%
2023-08-07,3.835,3.852,3.877,3.825,70.87K,-0.84%
2023-08-04,3.8675,3.8995,3.928,3.8255,79.91K,-0.82%
2023-08-03,3.8995,3.8445,3.904,3.8205,81.96K,1.46%
2023-08-02,3.8435,3.91,3.921,3.834,89.27K,-1.66%
2023-08-01,3.9085,4.0155,4.024,3.904,109.74K,-2.48%
2023-07-12,3.853,3.7725,3.8605,3.7665,77.86K,2.31%
2023-07-11,3.766,3.789,3.8225,3.752,64.23K,-0.49%
2023-07-10,3.7845,3.782,3.799,3.7425,46.99K,0.07%
2023-07-07,3.782,3.7425,3.7875,3.7255,52.20K,1.27%
2023-07-06,3.7345,3.7615,3.776,3.7225,60.47K,-0.90%
2023-07-05,3.7685,3.7935,3.8095,3.7325,70.90K,-0.42%
2023-07-04,3.7843,3.7915,3.8093,3.775,,-0.26%
2023-07-03,3.794,3.7655,3.8075,3.7595,48.35K,0.92%
2023-06-12,3.752,3.7715,3.778,3.735,78.65K,-0.98%
2023-06-09,3.789,3.7875,3.8335,3.7695,84.55K,-0.16%
2023-06-08,3.795,3.7535,3.797,3.7345,87.85K,1.04%
2023-06-07,3.756,3.7665,3.8115,3.741,95.21K,-0.33%
2023-06-06,3.7685,3.7625,3.78,3.718,62.02K,0.01%
2023-06-05,3.768,3.728,3.7845,3.686,80.76K,1.09%
2023-06-02,3.7275,3.7125,3.789,3.6925,82.61K,0.44%
2023-06-01,3.711,3.667,3.7315,3.645,85.92K,2.03%
2023-05-12,3.7285,3.701,3.7515,3.677,,0.50%
2023-05-11,3.71,3.852,3.8555,3.684,,-3.41%
2023-05-10,3.841,3.9035,3.9185,3.8285,,-1.55%
2023-05-09,3.9015,3.924,3.924,3.881,46.22K,-0.71%
2023-05-08,3.9295,3.8925,3.9595,3.8765,40.07K,1.20%
2023-05-05,3.883,3.861,3.906,3.825,59.64K,0.52%
2023-05-04,3.863,3.855,3.9075,3.826,68.25K,0.47%
2023-05-03,3.845,3.8685,3.872,3.83,51.30K,-0.45%
2023-05-02,3.8625,3.9355,3.953,3.857,57.60K,-1.82%
2023-05-01,3.934,3.895,4.005,3.8705,59.06K,1.12%
2023-04-12,4.081,4.0295,4.088,3.984,93.03K,1.53%
2023-04-11,4.0195,3.987,4.054,3.978,85.66K,1.08%
2023-04-10,3.9765,4.018,4.0395,3.963,56.66K,-0.97%
2023-04-06,4.0155,3.9825,4.0315,3.971,87.26K,0.73%
2023-04-05,3.9865,3.974,3.996,3.926,68.50K,0.39%
2023-04-04,3.971,4.053,4.0715,3.9445,82.16K,-1.84%
2023-04-03,4.0455,4.091,4.0975,4.0345,64.13K,-1.20%
2023-03-10,4.0305,4.007,4.0635,3.967,84.98K,-0.21%
2023-03-09,4.039,4.027,4.055,3.9955,54.53K,0.30%
2023-03-08,4.027,3.9675,4.0725,3.961,79.04K,1.31%
2023-03-07,3.975,4.075,4.095,3.963,77.40K,-2.78%
2023-03-06,4.0885,4.065,4.093,4.0085,63.75K,0.53%
2023-03-03,4.067,4.0745,4.1175,4.0605,,-0.22%
2023-03-02,4.076,4.1685,4.174,4.047,,-2.02%
2023-03-01,4.16,4.0745,4.1745,4.065,87.33K,1.72%
2023-02-10,4.0165,4.0745,4.0825,4.005,86.48K,-1.96%
2023-02-09,4.097,4.0475,4.1205,4.0395,96.58K,1.52%
2023-02-08,4.0355,4.07,4.1165,4.016,85.50K,-1.10%
2023-02-07,4.0805,4.038,4.0865,4.0025,90.92K,1.13%
2023-02-06,4.035,4.0415,4.074,3.993,75.84K,-0.53%
2023-02-03,4.0565,4.091,4.136,4.0305,91.47K,-0.84%
2023-02-02,4.091,4.1815,4.1995,4.078,82.56K,-0.49%
2023-02-01,4.111,4.2235,4.225,4.1025,88.15K,-2.72%
2023-01-12,4.1965,4.1755,4.2115,4.1295,96.27K,0.73%
2023-01-11,4.166,4.08,4.185,4.0655,88.48K,2.17%
2023-01-10,4.0775,4.012,4.0835,3.9875,72.22K,1.27%
2023-01-09,4.0265,3.9235,4.0445,3.9235,102.47K,2.95%
2023-01-06,3.911,3.8255,3.93,3.7985,96.75K,2.36%
2023-01-05,3.821,3.7405,3.842,3.7215,76.73K,2.15%
2023-01-04,3.7405,3.771,3.807,3.7085,80.27K,-0.69%
2023-01-03,3.7665,3.8355,3.8715,3.7585,83.90K,-1.92%
2023-01-02,3.8403,3.8192,3.848,3.8185,,0.72%
2022-12-12,3.8005,3.8595,3.8595,3.786,45.29K,-2.01%
2022-12-09,3.8785,3.8815,3.9245,3.846,51.88K,-0.13%
2022-12-08,3.8835,3.8435,3.9125,3.833,50.54K,0.60%
2022-12-07,3.8605,3.821,3.874,3.775,52.67K,1.11%
2022-12-06,3.818,3.7915,3.8635,3.7845,53.10K,0.61%
2022-12-05,3.795,3.853,3.8945,3.773,58.79K,-1.44%
2022-12-02,3.8505,3.7975,3.865,3.7445,59.97K,0.86%
2022-12-01,3.8175,3.782,3.8225,3.735,59.94K,2.13%
2022-11-11,3.901,3.765,3.932,3.7535,47.70K,4.04%
2022-11-10,3.7495,3.668,3.7795,3.6225,36.79K,1.58%
2022-11-09,3.691,3.6605,3.733,3.6215,42.77K,0.41%
2022-11-08,3.676,3.5975,3.691,3.5625,38.61K,2.10%
2022-11-07,3.6005,3.635,3.65,3.574,32.98K,-1.99%
2022-11-04,3.6735,3.4135,3.695,3.409,45.21K,7.52%
2022-11-03,3.4165,3.423,3.4505,3.3675,29.77K,-1.10%
2022-11-02,3.4545,3.448,3.5015,3.42,20.27K,-0.07%
2022-11-01,3.457,3.362,3.4835,3.361,14.76K,2.96%
2022-10-12,3.408,3.4075,3.4475,3.383,8.70K,-1.09%
2022-10-11,3.4455,3.415,3.456,3.3685,8.11K,1.00%
2022-10-10,3.4115,3.3615,3.455,3.356,8.92K,1.28%
2022-10-07,3.3685,3.4205,3.4325,3.356,10.20K,-1.76%
2022-10-06,3.429,3.485,3.568,3.414,10.42K,-1.55%
2022-10-05,3.483,3.478,3.5315,3.4285,8.66K,0.36%
2022-10-04,3.4705,3.4015,3.511,3.3865,10.44K,2.33%
2022-10-03,3.3915,3.3765,3.404,3.3355,8.13K,-0.07%
2022-09-12,3.603,3.5565,3.615,3.526,6.33K,1.17%
2022-09-09,3.5615,3.5485,3.618,3.53,5.04K,1.12%
2022-09-08,3.522,3.444,3.55,3.439,7.24K,2.79%
2022-09-07,3.4265,3.453,3.461,3.402,4.31K,-0.94%
2022-09-06,3.459,3.3955,3.4945,3.3615,7.30K,0.16%
2022-09-05,3.4535,3.3887,3.466,3.3857,,1.91%
2022-09-04,3.3887,3.395,3.4,3.3613,,-0.60%
2022-09-02,3.409,3.4075,3.4515,3.3805,4.85K,0.12%
2022-09-01,3.405,3.5155,3.5155,3.402,6.88K,-3.18%
2022-08-12,3.6855,3.7,3.727,3.66,2.90K,-0.97%
2022-08-11,3.7215,3.6545,3.723,3.6545,4.29K,1.50%
2022-08-10,3.6665,3.6095,3.672,3.5735,4.48K,1.66%
2022-08-09,3.6065,3.611,3.644,3.5935,4.03K,0.00%
2022-08-08,3.6065,3.56,3.64,3.559,4.91K,0.88%
2022-08-05,3.575,3.527,3.6025,3.51,4.92K,2.06%
2022-08-04,3.503,3.492,3.5275,3.444,3.53K,0.53%
2022-08-03,3.4845,3.489,3.539,3.467,3.22K,-1.39%
2022-08-02,3.5335,3.5475,3.555,3.473,3.49K,-0.72%
2022-08-01,3.559,3.567,3.5925,3.5305,3.38K,-0.79%
2022-07-12,3.291,3.4185,3.4495,3.258,2.47K,-4.08%
2022-07-11,3.431,3.456,3.4925,3.399,1.49K,-2.74%
2022-07-08,3.5275,3.54,3.5645,3.454,1.39K,-1.38%
2022-07-07,3.577,3.41,3.5795,3.404,2.67K,4.82%
2022-07-06,3.4125,3.453,3.465,3.3085,3.75K,-0.52%
2022-07-05,3.4305,3.598,3.6295,3.42,2.11K,-4.28%
2022-07-04,3.584,3.6117,3.6172,3.5457,,-0.76%
2022-07-03,3.6115,3.612,3.6235,3.608,,-0.23%
2022-07-01,3.62,3.7045,3.706,3.58,1.94K,-2.94%
2022-06-10,4.318,4.362,4.3925,4.302,1.34K,-1.77%
2022-06-09,4.396,4.423,4.433,4.38,1.03K,-1.41%
2022-06-08,4.459,4.4295,4.4595,4.4265,0.60K,0.13%
2022-06-07,4.453,4.423,4.455,4.3925,1.62K,0.00%
2022-06-06,4.453,4.443,4.465,4.435,2.64K,-0.98%
2022-06-03,4.497,4.5595,4.56,4.494,0.33K,-1.60%
2022-06-02,4.57,4.334,4.5765,4.334,0.57K,5.12%
2022-06-01,4.3475,4.3155,4.3645,4.304,0.75K,0.67%
2022-05-12,4.1265,4.204,4.204,4.07,1.06K,-2.53%
2022-05-11,4.2335,4.2545,4.274,4.2055,0.94K,1.17%
2022-05-10,4.1845,4.262,4.262,4.16,1.02K,-0.89%
2022-05-09,4.222,4.26,4.26,4.1625,1.04K,-1.67%
2022-05-06,4.2935,4.329,4.329,4.2795,0.65K,-0.36%
2022-05-05,4.309,4.431,4.431,4.3,0.37K,-1.01%
2022-05-04,4.353,4.3305,4.3905,4.29,0.60K,1.17%
2022-05-03,4.3025,4.3385,4.3425,4.2885,0.32K,0.43%
2022-05-02,4.284,4.4065,4.4065,4.2365,0.36K,-3.18%
2022-04-12,4.7365,4.684,4.746,4.684,0.52K,1.75%
2022-04-11,4.655,4.69,4.726,4.655,0.23K,-1.72%
2022-04-08,4.7365,4.75,4.75,4.736,0.24K,0.69%
2022-04-07,4.704,4.7165,4.7185,4.7075,0.10K,-0.62%
2022-04-06,4.7335,4.7405,4.781,4.7045,0.11K,-1.15%
2022-04-05,4.7885,4.81,4.81,4.81,0.14K,0.46%
2022-04-04,4.7665,4.6985,4.759,4.6985,0.12K,1.88%
2022-04-01,4.6785,4.69,4.697,4.6865,0.03K,-1.26%
2022-03-11,4.6255,4.6335,4.724,4.5945,40.58K,-0.58%
2022-03-10,4.6525,4.5965,4.6785,4.574,45.46K,1.75%
2022-03-09,4.5725,4.7105,4.7885,4.553,60.81K,-2.92%
2022-03-08,4.71,4.745,4.967,4.603,89.60K,-0.44%
2022-03-07,4.731,4.92,5.0395,4.668,96.67K,-4.18%
2022-03-04,4.9375,4.7825,4.949,4.751,97.43K,3.26%
2022-03-03,4.7815,4.671,4.7985,4.6615,91.70K,2.49%
2022-03-02,4.6655,4.571,4.705,4.5525,79.62K,1.50%
2022-03-01,4.5965,4.506,4.602,4.492,69.00K,3.19%
2022-02-11,4.5085,4.612,4.612,4.461,0.48K,-3.21%
2022-02-10,4.658,4.617,4.699,4.5865,0.55K,1.22%
2022-02-09,4.602,4.456,4.6325,4.4295,0.31K,3.08%
2022-02-08,4.4645,4.4815,4.4825,4.417,0.28K,-0.07%
2022-02-07,4.4675,4.5105,4.5145,4.45,0.32K,-0.50%
2022-02-04,4.49,4.504,4.5125,4.4305,0.20K,0.40%
2022-02-03,4.472,4.4785,4.4785,4.46,0.12K,-0.48%
2022-02-02,4.4935,4.4365,4.5015,4.4365,0.22K,1.40%
2022-02-01,4.4315,4.33,4.4415,4.3275,0.18K,2.43%
2022-01-12,4.5765,4.4315,4.601,4.42,106.93K,3.33%
2022-01-11,4.429,4.372,4.4385,4.366,46.66K,1.77%
2022-01-10,4.352,4.4015,4.431,4.3305,45.32K,-1.32%
2022-01-07,4.41,4.354,4.4175,4.3435,46.40K,1.27%
2022-01-06,4.3545,4.392,4.408,4.3135,56.25K,-1.34%
2022-01-05,4.4135,4.4725,4.473,4.372,51.73K,-1.37%
2022-01-04,4.475,4.4245,4.4785,4.378,55.94K,1.21%
2022-01-03,4.4215,4.4585,4.4805,4.335,38.42K,-0.94%
2021-12-10,4.285,4.323,4.353,4.28,0.14K,-1.08%
2021-12-09,4.332,4.3685,4.3715,4.3,0.09K,-1.38%
2021-12-08,4.3925,4.348,4.384,4.3235,0.18K,1.23%
2021-12-07,4.339,4.318,4.3545,4.314,0.04K,0.03%
2021-12-06,4.3375,4.2955,4.342,4.269,0.05K,1.68%
2021-12-03,4.266,4.278,4.3205,4.2635,0.30K,-0.78%
2021-12-02,4.2995,4.2405,4.307,4.2405,0.16K,1.24%
2021-12-01,4.247,4.3155,4.3455,4.21,0.12K,-0.78%
2021-11-12,4.447,4.405,4.453,4.3775,0.28K,1.11%
2021-11-11,4.398,4.337,4.42,4.335,0.18K,1.73%
2021-11-10,4.323,4.3675,4.41,4.288,0.30K,-1.13%
2021-11-09,4.3725,4.4075,4.435,4.3385,0.18K,-0.50%
2021-11-08,4.3945,4.375,4.4075,4.3335,0.27K,1.36%
2021-11-05,4.3355,4.316,4.35,4.279,0.13K,0.61%
2021-11-04,4.309,4.3465,4.3865,4.2755,0.07K,0.00%
2021-11-03,4.309,4.3585,4.43,4.275,0.21K,-0.98%
2021-11-02,4.3515,4.365,4.3745,4.3205,0.33K,-0.63%
2021-11-01,4.379,4.379,4.3885,4.3255,0.18K,0.46%
2021-10-12,4.3255,4.339,4.3955,4.2865,65.22K,-0.94%
2021-10-11,4.3665,4.2795,4.385,4.2555,60.62K,2.13%
2021-10-08,4.2755,4.2495,4.301,4.2225,51.72K,0.75%
2021-10-07,4.2435,4.1755,4.26,4.1625,41.51K,2.31%
2021-10-06,4.1475,4.182,4.2185,4.114,48.58K,-1.07%
2021-10-05,4.1925,4.239,4.242,4.151,41.33K,-1.09%
2021-10-04,4.2385,4.2145,4.303,4.1775,45.60K,1.19%
2021-10-01,4.1885,4.1065,4.21,4.0585,51.97K,2.43%
2021-09-10,4.45,4.282,4.461,4.277,0.59K,3.87%
2021-09-09,4.284,4.224,4.2985,4.222,0.23K,1.22%
2021-09-08,4.2325,4.2745,4.296,4.206,0.28K,-1.10%
2021-09-07,4.2795,4.3285,4.3435,4.256,0.21K,-1.21%
2021-09-06,4.332,4.3325,4.3457,4.304,,-0.01%
2021-09-05,4.3325,4.335,4.3422,4.3315,,0.03%
2021-09-03,4.331,4.292,4.338,4.2885,0.16K,0.73%
2021-09-02,4.2995,4.2805,4.303,4.267,0.12K,0.60%
2021-09-01,4.274,4.3615,4.3615,4.2545,0.26K,-2.20%
2021-08-12,4.35,4.3975,4.399,4.3335,0.12K,-0.23%
2021-08-11,4.36,4.3415,4.363,4.3225,0.10K,0.32%
2021-08-10,4.346,4.2865,4.353,4.2865,0.08K,1.49%
2021-08-09,4.282,4.3,4.321,4.24,0.36K,-1.31%
2021-08-06,4.339,4.3325,4.383,4.3245,0.50K,0.12%
2021-08-05,4.334,4.3275,4.34,4.3,0.11K,0.29%
2021-08-04,4.3215,4.379,4.387,4.31,0.17K,-1.23%
2021-08-03,4.3755,4.416,4.4245,4.3335,0.22K,-0.96%
2021-08-02,4.418,4.4785,4.5,4.4,0.59K,-1.06%
2021-07-12,4.316,4.3465,4.364,4.2805,55.99K,-0.68%
2021-07-09,4.3455,4.27,4.369,4.2535,81.77K,1.90%
2021-07-08,4.2645,4.308,4.324,4.2325,72.14K,-1.34%
2021-07-07,4.3225,4.2505,4.362,4.2475,81.23K,1.68%
2021-07-06,4.251,4.281,4.4025,4.234,147.24K,-2.14%
2021-07-05,4.344,4.3135,4.3575,4.309,,1.59%
2021-07-02,4.276,4.2425,4.2945,4.2275,52.90K,0.94%
2021-07-01,4.236,4.289,4.3145,4.2265,70.96K,-1.24%
2021-06-11,4.5415,4.491,4.595,4.486,0.25K,1.17%
2021-06-10,4.489,4.5195,4.5205,4.448,0.30K,-1.00%
2021-06-09,4.5345,4.544,4.561,4.49,0.20K,-0.54%
2021-06-08,4.559,4.5225,4.561,4.473,0.25K,0.65%
2021-06-07,4.5295,4.5285,4.533,4.485,0.29K,-0.04%
2021-06-04,4.5315,4.47,4.538,4.4465,0.31K,1.46%
2021-06-03,4.4665,4.6095,4.619,4.4335,0.47K,-2.80%
2021-06-02,4.595,4.6575,4.6655,4.585,0.19K,-1.32%
2021-06-01,4.6565,4.6925,4.697,4.646,0.32K,-0.52%
2021-05-12,4.736,4.8,4.8245,4.706,108.33K,-0.55%
2021-05-11,4.762,4.665,4.8035,4.6625,109.38K,0.98%
2021-05-10,4.716,4.78,4.888,4.6875,160.25K,-0.68%
2021-05-07,4.7485,4.609,4.751,4.5975,120.25K,3.17%
2021-05-06,4.6025,4.519,4.6125,4.5005,79.80K,1.74%
2021-05-05,4.524,4.556,4.5725,4.5035,64.61K,0.06%
2021-05-04,4.5215,4.5285,4.5625,4.49,64.43K,-0.15%
2021-05-03,4.5285,4.462,4.5355,4.435,40.97K,1.35%
2021-04-12,4.0225,4.057,4.062,3.9965,0.59K,-0.54%
2021-04-09,4.0445,4.097,4.1005,4.0425,0.37K,-1.33%
2021-04-08,4.099,4.067,4.1,4.05,0.43K,1.02%
2021-04-07,4.0575,4.1085,4.116,4.038,0.24K,-1.47%
2021-04-06,4.118,4.1365,4.137,4.0815,0.15K,-0.52%
2021-04-05,4.1395,4.0345,4.154,4.0345,0.34K,3.64%
2021-04-01,3.994,3.99,4.014,3.95,73.10K,-0.15%
2021-03-12,4.14,4.144,4.158,4.0665,68.50K,0.02%
2021-03-11,4.139,4.0355,4.15,4.0095,89.65K,2.64%
2021-03-10,4.0325,4.0135,4.0625,3.9815,74.71K,0.60%
2021-03-09,4.0085,4.0795,4.121,3.972,105.19K,-2.06%
2021-03-08,4.093,4.117,4.1705,3.9965,112.00K,0.43%
2021-03-05,4.0755,3.9535,4.1105,3.9015,130.26K,2.44%
2021-03-04,3.9785,4.1065,4.1505,3.849,172.33K,-3.95%
2021-03-03,4.142,4.208,4.2215,4.102,106.17K,-1.89%
2021-03-02,4.222,4.1005,4.2275,4.0415,125.09K,2.65%
2021-03-01,4.113,4.106,4.181,4.089,106.83K,0.50%
2021-02-12,3.7875,3.768,3.7995,3.743,0.21K,0.37%
2021-02-11,3.7735,3.754,3.7825,3.754,0.14K,0.01%
2021-02-10,3.773,3.7245,3.7865,3.7245,0.13K,1.45%
2021-02-09,3.719,3.675,3.7195,3.675,0.26K,1.43%
2021-02-08,3.6665,3.6485,3.675,3.6265,0.11K,1.09%
2021-02-05,3.627,3.5605,3.636,3.5605,0.09K,2.03%
2021-02-04,3.555,3.5665,3.5785,3.5435,0.19K,-0.29%
2021-02-03,3.5655,3.5115,3.5625,3.51,0.17K,1.16%
2021-02-02,3.5245,3.525,3.5315,3.5145,0.07K,-0.59%
2021-02-01,3.5455,3.547,3.581,3.528,0.10K,-0.35%
2021-01-12,3.6055,3.558,3.6485,3.557,78.26K,1.15%
2021-01-11,3.5645,3.6925,3.6925,3.5515,95.19K,-2.97%
2021-01-08,3.6735,3.706,3.734,3.629,106.39K,-0.61%
2021-01-07,3.696,3.6615,3.7115,3.6405,63.68K,1.25%
2021-01-06,3.6505,3.6465,3.7075,3.6245,93.05K,0.30%
2021-01-05,3.6395,3.556,3.663,3.556,65.95K,2.39%
2021-01-04,3.5545,3.527,3.607,3.522,78.59K,0.98%
2021-01-01,3.52,3.52,3.52,3.52,,0.03%
2020-12-11,3.526,3.5955,3.618,3.4935,0.09K,-1.30%
2020-12-10,3.5725,3.4935,3.5835,3.4855,0.08K,1.77%
2020-12-09,3.5105,3.5045,3.5185,3.492,0.10K,0.40%
2020-12-08,3.4965,3.4855,3.498,3.4665,0.09K,-0.50%
2020-12-07,3.514,3.534,3.5365,3.4775,0.07K,-0.20%
2020-12-04,3.521,3.4815,3.527,3.4815,0.06K,0.99%
2020-12-03,3.4865,3.482,3.514,3.471,0.09K,0.06%
2020-12-02,3.4845,3.4785,3.491,3.4415,0.14K,0.13%
2020-12-01,3.48,3.464,3.511,3.4585,0.38K,1.35%
2020-11-12,3.148,3.1345,3.1625,3.1245,0.13K,0.33%
2020-11-11,3.1375,3.159,3.173,3.123,0.05K,-0.70%
2020-11-10,3.1595,3.159,3.1605,3.105,0.15K,0.00%
2020-11-09,3.1595,3.1645,3.2065,3.144,0.21K,0.08%
2020-11-06,3.157,3.1125,3.174,3.1085,0.13K,1.40%
2020-11-05,3.1135,3.1025,3.1285,3.0875,0.14K,0.13%
2020-11-04,3.1095,3.113,3.1165,3.045,0.09K,0.52%
2020-11-03,3.0935,3.0905,3.1185,3.0895,0.11K,0.41%
2020-11-02,3.081,3.055,3.091,3.052,0.06K,0.97%
2020-10-12,3.064,3.0795,3.093,3.052,50.42K,-0.60%
2020-10-09,3.0825,3.042,3.098,3.039,77.72K,1.33%
2020-10-08,3.042,3.0315,3.0475,3.0115,60.11K,0.30%
2020-10-07,3.033,2.927,3.055,2.9225,88.20K,2.35%
2020-10-06,2.9635,2.9635,2.9765,2.9205,45.41K,0.02%
2020-10-05,2.963,2.98,2.9845,2.932,56.24K,-0.49%
2020-10-02,2.9775,2.8775,2.9865,2.8345,112.08K,3.91%
2020-10-01,2.8655,3.016,3.0465,2.854,116.11K,-5.51%
2020-09-11,3.036,2.9735,3.045,2.9735,0.30K,1.45%
2020-09-10,2.9925,3.0515,3.0515,2.9545,0.30K,-1.76%
2020-09-09,3.046,3.0055,3.0525,3.0055,0.73K,0.86%
2020-09-08,3.02,3.071,3.0775,2.9975,0.17K,-1.62%
2020-09-07,3.0697,3.074,3.088,3.0427,,-0.16%
2020-09-06,3.0745,3.079,3.079,3.0623,,0.61%
2020-09-04,3.056,2.962,3.074,2.962,0.36K,2.91%
2020-09-03,2.9695,3.007,3.007,2.955,0.09K,-1.51%
2020-09-02,3.015,2.9975,3.0325,2.9955,0.12K,-0.25%
2020-09-01,3.0225,3.047,3.083,3.014,0.17K,-1.08%
2020-08-12,2.899,2.832,2.906,2.832,0.22K,0.52%
2020-08-11,2.884,2.874,2.886,2.858,0.10K,0.47%
2020-08-10,2.8705,2.8145,2.885,2.8145,0.10K,2.44%
2020-08-07,2.802,2.904,2.904,2.791,0.31K,-4.01%
2020-08-06,2.919,2.9045,2.9195,2.9045,0.29K,-0.21%
2020-08-05,2.925,2.92,2.941,2.92,0.03K,0.76%
2020-08-04,2.903,2.8975,2.907,2.8975,0.05K,-0.60%
2020-08-03,2.9205,2.842,2.9215,2.8415,0.04K,1.51%
2020-07-10,2.8975,2.8425,2.917,2.8225,81.46K,2.08%
2020-07-09,2.8385,2.8285,2.8755,2.8235,78.98K,0.51%
2020-07-08,2.824,2.785,2.8255,2.785,59.18K,0.97%
2020-07-07,2.797,2.79,2.799,2.746,62.73K,0.81%
2020-07-06,2.7745,2.749,2.7925,2.7235,86.67K,2.80%
2020-07-03,2.699,2.733,2.737,2.698,,-1.80%
2020-07-02,2.7485,2.759,2.769,2.7305,66.23K,0.53%
2020-07-01,2.734,2.7305,2.7585,2.7065,76.63K,0.20%
2020-06-12,2.6105,2.575,2.626,2.575,2.17K,0.58%
2020-06-11,2.5955,2.6735,2.6735,2.57,0.11K,-2.63%
2020-06-10,2.6655,2.6185,2.7025,2.6185,0.12K,2.24%
2020-06-09,2.607,2.593,2.611,2.574,0.20K,1.28%
2020-06-08,2.574,2.56,2.5915,2.5455,0.61K,0.43%
2020-06-05,2.563,2.5015,2.5735,2.499,0.15K,2.66%
2020-06-04,2.4965,2.49,2.5085,2.49,0.07K,0.06%
2020-06-03,2.495,2.509,2.51,2.4985,0.05K,-0.14%
2020-06-02,2.4985,2.4745,2.5025,2.469,0.03K,0.83%
2020-06-01,2.478,2.4585,2.48,2.4575,0.11K,1.79%
2020-05-12,2.359,2.384,2.3865,2.3305,48.17K,-0.88%
2020-05-11,2.38,2.4095,2.43,2.367,59.01K,-1.08%
2020-05-08,2.406,2.379,2.43,2.378,34.75K,1.07%
2020-05-07,2.3805,2.342,2.391,2.334,52.22K,1.43%
2020-05-06,2.347,2.3325,2.3655,2.3185,45.06K,0.62%
2020-05-05,2.3325,2.321,2.34,2.307,38.37K,0.86%
2020-05-04,2.3125,2.305,2.322,2.284,30.43K,0.02%
2020-05-01,2.312,2.34,2.342,2.286,42.86K,-1.37%
2020-04-10,2.27,2.27,2.27,2.27,,0.09%
2020-04-09,2.268,2.288,2.288,2.257,0.71K,0.07%
2020-04-08,2.2665,2.265,2.289,2.253,0.45K,-0.46%
2020-04-07,2.277,2.227,2.2905,2.227,0.30K,2.52%
2020-04-06,2.221,2.1895,2.2305,2.1895,0.20K,1.16%
2020-04-03,2.1955,2.2115,2.227,2.1895,0.28K,-1.19%
2020-04-02,2.222,2.185,2.23,2.185,0.16K,1.97%
2020-04-01,2.179,2.215,2.215,2.1635,0.19K,-2.37%
2020-03-12,2.4725,2.4775,2.4845,2.428,116.12K,-1.18%
2020-03-11,2.502,2.541,2.542,2.4725,74.67K,-0.77%
2020-03-10,2.5215,2.487,2.5655,2.482,93.80K,0.44%
2020-03-09,2.5105,2.535,2.535,2.4565,120.97K,-1.95%
2020-03-06,2.5605,2.57,2.577,2.532,99.17K,-0.49%
2020-03-05,2.573,2.5825,2.6,2.561,62.32K,-0.50%
2020-03-04,2.586,2.587,2.6,2.57,58.22K,0.51%
2020-03-03,2.573,2.6165,2.625,2.5465,100.56K,-0.85%
2020-03-02,2.595,2.522,2.613,2.501,106.89K,2.17%
2020-02-12,2.6055,2.5875,2.614,2.587,0.83K,0.70%
2020-02-11,2.5875,2.5815,2.6095,2.5725,0.23K,1.29%
2020-02-10,2.5545,2.548,2.5795,2.546,0.22K,-0.10%
2020-02-07,2.557,2.596,2.5965,2.5505,0.36K,-1.52%
2020-02-06,2.5965,2.5895,2.6245,2.5895,0.50K,0.70%
2020-02-05,2.5785,2.5495,2.604,2.5485,0.37K,1.30%
2020-02-04,2.5455,2.5085,2.571,2.5085,0.65K,1.39%
2020-02-03,2.5105,2.511,2.5615,2.491,0.54K,-0.38%
2020-01-10,2.8135,2.8,2.836,2.7955,60.79K,0.41%
2020-01-09,2.802,2.808,2.819,2.7955,53.12K,-0.36%
2020-01-08,2.812,2.7955,2.814,2.763,77.70K,0.66%
2020-01-07,2.7935,2.789,2.804,2.78,59.47K,0.13%
2020-01-06,2.79,2.765,2.7955,2.7645,59.57K,0.11%
2020-01-03,2.787,2.825,2.8255,2.7595,74.75K,-1.35%
2020-01-02,2.825,2.8035,2.8295,2.794,72.46K,0.68%
2020-01-01,2.806,2.798,2.807,2.798,,0.32%
2019-12-12,2.7925,2.778,2.809,2.7675,0.24K,0.25%
2019-12-11,2.7855,2.77,2.7915,2.7675,0.29K,0.87%
2019-12-10,2.7615,2.7455,2.7625,2.7445,0.26K,0.27%
2019-12-09,2.754,2.7355,2.7565,2.7205,0.38K,1.23%
2019-12-06,2.7205,2.6705,2.7475,2.665,0.11K,2.33%
2019-12-05,2.6585,2.659,2.6655,2.6545,0.33K,0.15%
2019-12-04,2.6545,2.6195,2.6605,2.6195,0.19K,1.39%
2019-12-03,2.618,2.645,2.645,2.6215,0.08K,-1.04%
2019-12-02,2.6455,2.649,2.657,2.644,0.11K,-0.40%
2019-11-12,2.65,2.664,2.687,2.647,0.47K,-0.67%
2019-11-11,2.668,2.692,2.692,2.6625,0.25K,-0.67%
2019-11-08,2.686,2.722,2.7245,2.681,0.74K,-1.68%
2019-11-07,2.732,2.671,2.7325,2.671,0.59K,2.34%
2019-11-06,2.6695,2.703,2.703,2.6675,0.31K,-1.31%
2019-11-05,2.705,2.6685,2.714,2.668,0.70K,1.10%
2019-11-04,2.6755,2.667,2.6805,2.66,0.35K,0.68%
2019-11-01,2.6575,2.6505,2.668,2.642,0.41K,0.57%
2019-10-11,2.628,2.611,2.6385,2.606,71.34K,0.55%
2019-10-10,2.6135,2.569,2.62,2.5475,76.15K,1.77%
2019-10-09,2.568,2.567,2.5795,2.5605,46.71K,-0.02%
2019-10-08,2.5685,2.573,2.6015,2.5615,62.32K,-0.33%
2019-10-07,2.577,2.557,2.5895,2.5525,49.61K,0.57%
2019-10-04,2.5625,2.5535,2.566,2.53,48.82K,0.35%
2019-10-03,2.5535,2.566,2.582,2.5385,51.49K,-0.66%
2019-10-02,2.5705,2.565,2.5855,2.5475,62.20K,0.39%
2019-10-01,2.5605,2.574,2.577,2.515,74.86K,-0.70%
2019-09-12,2.635,2.6295,2.6575,2.59,0.54K,1.00%
2019-09-11,2.609,2.6115,2.631,2.607,0.14K,-0.51%
2019-09-10,2.6225,2.63,2.63,2.605,0.15K,0.04%
2019-09-09,2.6215,2.617,2.622,2.612,0.24K,-0.27%
2019-09-06,2.6285,2.6285,2.642,2.6175,0.29K,-0.30%
2019-09-05,2.6365,2.5995,2.6405,2.5835,0.67K,1.80%
2019-09-04,2.59,2.5265,2.59,2.5265,0.65K,2.64%
2019-09-03,2.5235,2.5365,2.5365,2.4925,0.77K,-0.34%
2019-09-02,2.532,2.552,2.567,2.528,,-0.78%
2019-09-01,2.552,2.557,2.557,2.547,,0.20%
2019-08-12,2.588,2.5965,2.5965,2.5805,0.71K,-0.17%
2019-08-09,2.5925,2.616,2.616,2.587,0.57K,-0.69%
2019-08-08,2.6105,2.5935,2.616,2.5935,0.17K,1.38%
2019-08-07,2.575,2.574,2.592,2.551,0.41K,0.53%
2019-08-06,2.5615,2.548,2.572,2.548,0.79K,0.49%
2019-08-05,2.549,2.5625,2.565,2.548,0.59K,-1.11%
2019-08-02,2.5775,2.6145,2.629,2.567,0.69K,-3.48%
2019-08-01,2.6705,2.665,2.67,2.625,0.33K,-0.04%
2019-07-12,2.694,2.688,2.7145,2.6725,57.60K,0.24%
2019-07-11,2.6875,2.689,2.698,2.6785,62.90K,-0.24%
2019-07-10,2.694,2.628,2.6995,2.625,86.28K,2.63%
2019-07-09,2.625,2.6575,2.659,2.612,78.23K,-1.28%
2019-07-08,2.659,2.6695,2.689,2.6545,58.27K,-0.08%
2019-07-05,2.661,2.6845,2.6875,2.6445,69.03K,-0.71%
2019-07-04,2.68,2.685,2.687,2.67,,-0.11%
2019-07-03,2.683,2.665,2.686,2.6365,52.69K,0.71%
2019-07-02,2.664,2.688,2.6965,2.6555,66.39K,-0.89%
2019-07-01,2.688,2.75,2.757,2.677,86.27K,-0.94%
2019-06-12,2.655,2.6715,2.6715,2.641,0.41K,-0.67%
2019-06-11,2.673,2.6755,2.698,2.6675,0.46K,0.39%
2019-06-10,2.6625,2.6405,2.6665,2.6395,0.36K,1.25%
2019-06-07,2.6295,2.6505,2.6525,2.6045,0.43K,-0.83%
2019-06-06,2.6515,2.6405,2.6505,2.636,0.24K,1.03%
2019-06-05,2.6245,2.669,2.6735,2.6245,0.91K,-1.70%
2019-06-04,2.67,2.657,2.6705,2.643,0.29K,0.72%
2019-06-03,2.651,2.625,2.6555,2.6235,0.21K,0.40%
2019-05-10,2.7745,2.7675,2.797,2.756,91.46K,0.11%
2019-05-09,2.7715,2.7695,2.778,2.731,89.88K,-0.11%
2019-05-08,2.7745,2.7875,2.81,2.76,94.12K,-0.39%
2019-05-07,2.7855,2.8275,2.841,2.7755,103.41K,-1.56%
2019-05-06,2.8295,2.799,2.8485,2.7415,89.11K,0.37%
2019-05-03,2.819,2.782,2.833,2.775,80.32K,1.42%
2019-05-02,2.7795,2.793,2.8065,2.7715,81.05K,-0.79%
2019-05-01,2.8015,2.9075,2.9135,2.7865,112.25K,-3.53%
2019-04-12,2.9495,2.8995,2.955,2.8995,0.77K,1.99%
2019-04-11,2.892,2.9245,2.929,2.89,0.36K,-1.31%
2019-04-10,2.9305,2.935,2.9355,2.9205,0.11K,-0.27%
2019-04-09,2.9385,2.9355,2.961,2.9335,0.40K,0.05%
2019-04-08,2.937,2.9225,2.939,2.914,0.16K,1.28%
2019-04-05,2.9,2.922,2.9245,2.8935,0.21K,-0.51%
2019-04-04,2.915,2.949,2.954,2.91,0.25K,-1.27%
2019-04-03,2.9525,2.911,2.9555,2.9105,0.35K,1.44%
2019-04-02,2.9105,2.933,2.9395,2.9045,0.41K,-0.61%
2019-04-01,2.9285,2.95,2.99,2.92,0.45K,-0.37%
2019-03-12,2.9285,2.9065,2.957,2.905,68.21K,0.95%
2019-03-11,2.901,2.8915,2.9115,2.884,43.18K,0.26%
2019-03-08,2.8935,2.9145,2.9185,2.8745,66.54K,-0.58%
2019-03-07,2.9105,2.9265,2.929,2.8945,59.93K,-0.27%
2019-03-06,2.9185,2.9345,2.9445,2.9155,51.45K,-0.51%
2019-03-05,2.9335,2.911,2.9515,2.9075,61.97K,0.84%
2019-03-04,2.909,2.933,2.955,2.8965,70.59K,-0.78%
2019-03-01,2.932,2.9435,2.977,2.9225,75.97K,-0.54%
2019-02-12,2.775,2.791,2.795,2.7635,0.05K,-0.64%
2019-02-11,2.793,2.8125,2.8125,2.7825,0.10K,-0.75%
2019-02-08,2.814,2.8235,2.836,2.8125,0.27K,-0.64%
2019-02-07,2.832,2.8415,2.851,2.83,0.32K,-0.28%
2019-02-06,2.84,2.8265,2.848,2.8255,0.10K,0.69%
2019-02-05,2.8205,2.805,2.8235,2.805,0.09K,0.82%
2019-02-04,2.7975,2.7735,2.803,2.76,0.49K,0.72%
2019-02-01,2.7775,2.7835,2.7845,2.766,0.28K,-0.41%
2019-01-11,2.662,2.635,2.667,2.6335,66.90K,0.93%
2019-01-10,2.6375,2.66,2.6705,2.629,71.64K,-0.73%
2019-01-09,2.657,2.6515,2.6865,2.6485,78.68K,0.04%
2019-01-08,2.656,2.638,2.658,2.6235,66.00K,0.72%
2019-01-07,2.637,2.65,2.6595,2.6315,57.83K,-0.40%
2019-01-04,2.6475,2.576,2.655,2.567,83.28K,3.10%
2019-01-03,2.568,2.6015,2.6205,2.543,88.58K,-2.10%
2019-01-02,2.623,2.642,2.675,2.5945,85.02K,-1.09%
2019-01-01,2.652,2.643,2.654,2.638,,0.80%
2018-12-12,2.7715,2.7675,2.772,2.765,0.08K,0.13%
2018-12-11,2.768,2.74,2.779,2.74,0.06K,1.76%
2018-12-10,2.72,2.7315,2.7515,2.717,0.05K,-1.43%
2018-12-07,2.7595,2.7545,2.7735,2.746,0.18K,0.56%
2018-12-06,2.744,2.7645,2.7645,2.715,0.27K,-1.12%
2018-12-05,2.775,2.7555,2.773,2.7555,0.42K,0.65%
2018-12-04,2.757,2.805,2.814,2.7515,0.11K,-1.83%
2018-12-03,2.8085,2.83,2.8505,2.79,0.07K,0.79%
2018-11-12,2.6845,2.6925,2.705,2.68,0.26K,-0.24%
2018-11-09,2.691,2.728,2.732,2.689,0.13K,-1.88%
2018-11-08,2.7425,2.7325,2.744,2.7205,0.13K,-0.67%
2018-11-07,2.761,2.742,2.774,2.742,0.13K,0.78%
2018-11-06,2.7395,2.7645,2.768,2.737,0.23K,-0.89%
2018-11-05,2.764,2.802,2.802,2.755,0.12K,-1.74%
2018-11-02,2.813,2.7235,2.8205,2.7185,0.40K,3.10%
2018-11-01,2.7285,2.672,2.731,2.666,0.30K,2.31%
2018-10-12,2.8005,2.7755,2.8325,2.7745,98.63K,-0.09%
2018-10-11,2.803,2.749,2.816,2.713,150.78K,0.81%
2018-10-10,2.7805,2.814,2.82,2.741,98.41K,-0.93%
2018-10-09,2.8065,2.7685,2.8185,2.7505,102.48K,1.43%
2018-10-08,2.767,2.7685,2.781,2.735,80.90K,0.14%
2018-10-05,2.763,2.7895,2.7945,2.7455,88.55K,-0.52%
2018-10-04,2.7775,2.823,2.8665,2.7715,97.91K,-1.99%
2018-10-03,2.834,2.8,2.8395,2.7965,81.36K,0.98%
2018-10-02,2.8065,2.7845,2.8525,2.76,101.14K,0.68%
2018-10-01,2.7875,2.801,2.8225,2.7555,92.44K,-0.62%
2018-09-12,2.669,2.6035,2.678,2.6035,0.23K,2.07%
2018-09-11,2.615,2.617,2.654,2.5795,0.08K,-0.25%
2018-09-10,2.6215,2.6265,2.628,2.6185,0.04K,0.21%
2018-09-07,2.616,2.6255,2.6415,2.609,0.10K,-0.53%
2018-09-06,2.63,2.6155,2.656,2.6065,0.24K,1.00%
2018-09-05,2.604,2.597,2.6145,2.5895,0.32K,0.29%
2018-09-04,2.5965,2.6505,2.66,2.5755,0.83K,-2.55%
2018-08-10,2.75,2.774,2.774,2.7425,0.10K,-0.81%
2018-08-09,2.7725,2.776,2.821,2.769,0.16K,0.54%
2018-08-08,2.7575,2.761,2.7755,2.746,0.16K,-0.05%
2018-08-07,2.759,2.733,2.771,2.733,0.21K,0.75%
2018-08-06,2.7385,2.758,2.7615,2.7185,0.50K,-1.19%
2018-08-03,2.7715,2.7375,2.788,2.7235,0.20K,0.95%
2018-08-02,2.7455,2.759,2.764,2.7285,0.88K,-0.42%
2018-08-01,2.757,2.8325,2.8325,2.7445,0.09K,-2.94%
2018-07-12,2.777,2.7505,2.792,2.731,110.52K,1.22%
2018-07-11,2.7435,2.83,2.8305,2.717,165.56K,-3.38%
2018-07-10,2.8395,2.87,2.8805,2.8135,98.14K,-0.37%
2018-07-09,2.85,2.8235,2.877,2.815,114.51K,0.92%
2018-07-06,2.824,2.8305,2.839,2.7825,128.80K,-0.07%
2018-07-05,2.826,2.935,2.9405,2.8205,208.62K,-3.12%
2018-07-03,2.917,2.945,2.9665,2.908,99.94K,-0.92%
2018-07-02,2.944,2.9695,2.973,2.921,91.25K,-0.74%
2018-06-12,3.2595,3.25,3.276,3.246,0.31K,-0.21%
2018-06-11,3.2665,3.3075,3.3075,3.256,0.59K,-1.31%
2018-06-08,3.31,3.2815,3.3125,3.266,0.39K,0.78%
2018-06-07,3.2845,3.28,3.323,3.2715,0.52K,0.38%
2018-06-06,3.272,3.209,3.2835,3.209,0.29K,2.00%
2018-06-05,3.208,3.1385,3.254,3.1385,0.38K,2.04%
2018-06-04,3.144,3.1035,3.15,3.102,0.10K,1.14%
2018-06-01,3.1085,3.0775,3.108,3.0725,0.33K,1.09%
2018-05-11,3.1115,3.1095,3.1265,3.1015,78.01K,0.05%
2018-05-10,3.11,3.061,3.118,3.052,113.51K,1.72%
2018-05-09,3.0575,3.0685,3.0695,3.04,82.87K,-0.05%
2018-05-08,3.059,3.0735,3.091,3.014,131.18K,-0.65%
2018-05-07,3.079,3.085,3.1045,3.0625,57.38K,-0.21%
2018-05-04,3.0855,3.0915,3.105,3.053,80.79K,0.16%
2018-05-03,3.0805,3.0635,3.1215,3.0565,110.56K,0.39%
2018-05-02,3.0685,3.051,3.088,3.0475,91.64K,1.02%
2018-05-01,3.0375,3.0705,3.085,3.0195,97.58K,-1.19%
2018-04-12,3.074,3.1225,3.1245,3.057,0.40K,-1.68%
2018-04-11,3.1265,3.1435,3.1565,3.116,0.32K,-0.62%
2018-04-10,3.146,3.11,3.15,3.105,0.22K,1.93%
2018-04-09,3.0865,3.0565,3.094,3.0565,0.32K,0.57%
2018-04-06,3.069,3.044,3.0685,3.0435,0.14K,-0.52%
2018-04-05,3.085,3.0345,3.089,3.033,0.58K,2.12%
2018-04-04,3.021,3.075,3.075,2.9835,1.46K,-1.74%
2018-04-03,3.0745,3.051,3.076,3.051,0.45K,0.44%
2018-04-02,3.061,3.051,3.0825,3.051,0.21K,0.79%
2018-03-12,3.124,3.147,3.1555,3.1095,89.73K,-0.38%
2018-03-09,3.136,3.078,3.147,3.0555,117.78K,1.85%
2018-03-08,3.079,3.135,3.1395,3.0705,94.99K,-1.82%
2018-03-07,3.136,3.155,3.1585,3.1175,92.63K,-0.73%
2018-03-06,3.159,3.1285,3.178,3.1265,83.85K,0.99%
2018-03-05,3.128,3.1325,3.1385,3.0955,79.05K,0.11%
2018-03-02,3.1245,3.1235,3.1455,3.1085,78.42K,0.05%
2018-03-01,3.123,3.1285,3.1475,3.098,110.39K,-0.30%
2018-02-12,3.0965,3.0585,3.099,3.058,0.24K,1.74%
2018-02-09,3.0435,3.09,3.094,3.0425,0.08K,-1.57%
2018-02-08,3.092,3.12,3.12,3.0725,0.20K,-0.19%
2018-02-07,3.098,3.19,3.19,3.0985,0.23K,-3.19%
2018-02-06,3.2,3.195,3.225,3.1935,0.16K,-0.97%
2018-02-05,3.2315,3.1845,3.2625,3.184,0.13K,1.05%
2018-02-02,3.198,3.222,3.253,3.1865,0.28K,-0.68%
2018-02-01,3.22,3.2165,3.23,3.197,0.98K,0.42%
2018-01-12,3.2185,3.2255,3.249,3.216,84.10K,-0.45%
2018-01-11,3.233,3.236,3.2565,3.2065,96.62K,-0.08%
2018-01-10,3.2355,3.2205,3.2745,3.2175,96.99K,0.61%
2018-01-09,3.216,3.2305,3.259,3.2125,99.57K,-0.25%
2018-01-08,3.224,3.2335,3.2455,3.2205,87.80K,-0.17%
2018-01-05,3.2295,3.2585,3.276,3.2225,84.95K,-1.03%
2018-01-04,3.263,3.257,3.298,3.245,105.44K,0.17%
2018-01-03,3.2575,3.2775,3.28,3.2365,104.30K,-0.63%
2018-01-02,3.278,3.2965,3.3095,3.2675,107.29K,-0.68%
2017-12-12,3.0145,3.0045,3.015,2.995,0.17K,0.37%
2017-12-11,3.0035,2.965,3.009,2.957,0.14K,1.11%
2017-12-08,2.9705,2.9725,2.9815,2.964,0.07K,0.49%
2017-12-07,2.956,2.961,2.9695,2.95,0.07K,0.08%
2017-12-06,2.9535,2.9405,2.98,2.9405,0.26K,0.54%
2017-12-05,2.9375,3.0905,3.091,2.9345,0.32K,-4.66%
2017-12-04,3.081,3.096,3.103,3.079,0.12K,-0.10%
2017-12-01,3.084,3.059,3.1065,3.059,0.25K,0.93%
2017-11-10,3.0835,3.1005,3.1125,3.08,0.40K,-0.32%
2017-11-09,3.0935,3.09,3.1,3.067,0.25K,-0.42%
2017-11-08,3.1065,3.0985,3.113,3.0765,0.52K,0.31%
2017-11-07,3.097,3.168,3.168,3.092,0.25K,-2.15%
2017-11-06,3.165,3.1235,3.172,3.1235,0.21K,1.28%
2017-11-03,3.125,3.149,3.1585,3.113,0.24K,-0.81%
2017-11-02,3.1505,3.163,3.164,3.139,0.10K,0.03%
2017-11-01,3.1495,3.15,3.1805,3.142,0.17K,1.34%
2017-10-12,3.12,3.0935,3.136,3.0835,94.69K,0.79%
2017-10-11,3.0955,3.064,3.0995,3.0525,107.25K,1.14%
2017-10-10,3.0605,3.0285,3.0705,3.0275,99.23K,0.97%
2017-10-09,3.031,3.0185,3.0365,3.012,77.52K,0.07%
2017-10-06,3.029,3.0405,3.056,3.018,67.37K,-0.57%
2017-10-05,3.0465,2.9565,3.05,2.954,85.89K,2.96%
2017-10-04,2.959,2.9575,2.972,2.947,45.59K,-0.15%
2017-10-03,2.9635,2.945,2.972,2.926,55.30K,0.27%
2017-10-02,2.9555,2.9585,2.99,2.9375,53.50K,0.02%
2017-09-12,3.0295,3.045,3.045,3.0145,0.19K,-1.00%
2017-09-11,3.06,3.04,3.072,3.04,0.08K,0.79%
2017-09-08,3.036,3.114,3.114,3.03,0.30K,-3.27%
2017-09-07,3.1385,3.149,3.149,3.115,0.58K,-0.25%
2017-09-06,3.1465,3.13,3.1535,3.125,0.07K,0.75%
2017-09-05,3.123,3.137,3.1615,3.1185,0.07K,0.31%
2017-09-01,3.1135,3.1005,3.116,3.1005,0.18K,0.63%
2017-08-11,2.9195,2.9,2.921,2.8835,0.29K,0.29%
2017-08-10,2.911,2.9375,2.9445,2.9085,0.25K,-0.80%
2017-08-09,2.9345,2.95,2.9595,2.9265,0.35K,-0.53%
2017-08-08,2.95,2.9105,2.9505,2.9105,0.21K,1.20%
2017-08-07,2.915,2.898,2.931,2.8825,0.89K,0.78%
2017-08-04,2.8925,2.8995,2.9045,2.876,0.21K,0.26%
2017-08-03,2.885,2.896,2.9,2.874,0.21K,-0.22%
2017-08-02,2.8915,2.8835,2.895,2.8775,0.13K,0.09%
2017-08-01,2.889,2.8905,2.8965,2.8835,0.07K,-0.38%
2017-07-12,2.684,2.675,2.6985,2.672,59.01K,0.45%
2017-07-11,2.672,2.651,2.677,2.642,61.70K,0.93%
2017-07-10,2.6475,2.6525,2.6605,2.631,55.75K,0.02%
2017-07-07,2.647,2.662,2.6695,2.6405,53.57K,-0.54%
2017-07-06,2.6615,2.6615,2.671,2.6515,49.55K,0.06%
2017-07-05,2.66,2.6875,2.6915,2.6435,99.03K,-1.23%
2017-07-03,2.693,2.711,2.7165,2.685,54.17K,-0.66%
2017-06-12,2.6225,2.6505,2.6505,2.6215,0.53K,-1.19%
2017-06-09,2.654,2.61,2.653,2.604,0.30K,1.51%
2017-06-08,2.6145,2.5535,2.62,2.55,0.26K,2.21%
2017-06-07,2.558,2.555,2.556,2.546,0.08K,0.18%
2017-06-06,2.5535,2.535,2.5665,2.5285,0.21K,-0.41%
2017-06-05,2.564,2.5725,2.5725,2.5625,0.29K,-0.66%
2017-06-02,2.581,2.5785,2.5815,2.534,0.16K,-0.46%
2017-06-01,2.593,2.589,2.598,2.581,0.29K,0.25%
2017-05-12,2.524,2.506,2.5295,2.504,45.59K,0.64%
2017-05-11,2.508,2.495,2.553,2.489,82.45K,0.54%
2017-05-10,2.4945,2.495,2.5115,2.484,57.88K,-0.14%
2017-05-09,2.498,2.494,2.5175,2.4805,61.71K,0.18%
2017-05-08,2.4935,2.5375,2.547,2.4725,92.54K,-1.38%
2017-05-05,2.5285,2.512,2.539,2.503,80.66K,0.68%
2017-05-04,2.5115,2.5175,2.5455,2.49,102.53K,-1.26%
2017-05-03,2.5435,2.639,2.6395,2.5135,113.38K,-3.49%
2017-05-02,2.6355,2.662,2.663,2.622,88.30K,-0.94%
2017-05-01,2.6605,2.599,2.6945,2.594,50.68K,2.03%
2017-04-12,2.5535,2.6145,2.616,2.546,0.92K,-2.37%
2017-04-11,2.6155,2.61,2.6275,2.5945,2.24K,0.17%
2017-04-10,2.611,2.652,2.652,2.607,0.56K,-1.64%
2017-04-07,2.6545,2.667,2.667,2.615,0.55K,-0.43%
2017-04-06,2.666,2.6835,2.693,2.6605,0.23K,-0.84%
2017-04-05,2.6885,2.6355,2.702,2.6355,0.67K,2.58%
2017-04-04,2.621,2.613,2.628,2.61,0.07K,0.34%
2017-04-03,2.612,2.658,2.6625,2.612,0.39K,-1.80%
2017-03-10,2.595,2.5775,2.616,2.5735,67.34K,0.58%
2017-03-09,2.58,2.59,2.6,2.5585,75.31K,-0.79%
2017-03-08,2.6005,2.6145,2.6345,2.588,70.14K,-0.69%
2017-03-07,2.6185,2.654,2.664,2.608,69.66K,-1.26%
2017-03-06,2.652,2.7075,2.7095,2.646,65.16K,-1.65%
2017-03-03,2.6965,2.687,2.7115,2.6775,49.42K,0.22%
2017-03-02,2.6905,2.738,2.745,2.681,55.24K,-1.66%
2017-03-01,2.736,2.714,2.7685,2.706,67.92K,0.81%
2017-02-10,2.775,2.6685,2.787,2.6685,0.10K,4.30%
2017-02-09,2.6605,2.6745,2.6765,2.6515,0.14K,-0.49%
2017-02-08,2.6735,2.6715,2.6875,2.6715,0.14K,1.29%
2017-02-07,2.6395,2.655,2.655,2.6385,0.87K,-0.70%
2017-02-06,2.658,2.64,2.6625,2.637,0.32K,1.35%
2017-02-03,2.6225,2.691,2.6925,2.6245,0.33K,-2.60%
2017-02-02,2.6925,2.722,2.723,2.677,0.39K,-0.92%
2017-02-01,2.7175,2.7375,2.74,2.7125,0.19K,-0.59%
2017-01-12,2.6715,2.602,2.6755,2.6,88.52K,2.34%
2017-01-11,2.6105,2.6095,2.631,2.597,66.76K,-0.08%
2017-01-10,2.6125,2.532,2.63,2.53,90.99K,2.92%
2017-01-09,2.5385,2.544,2.5505,2.5195,58.42K,-0.29%
2017-01-06,2.546,2.535,2.548,2.5125,52.46K,0.33%
2017-01-05,2.5375,2.557,2.5885,2.5305,67.50K,-0.74%
2017-01-04,2.5565,2.488,2.563,2.4725,71.97K,2.71%
2017-01-03,2.489,2.507,2.5485,2.486,68.38K,-0.66%
2016-12-12,2.616,2.659,2.664,2.604,0.17K,-1.10%
2016-12-09,2.645,2.65,2.658,2.6435,0.11K,0.82%
2016-12-08,2.6235,2.637,2.662,2.619,0.14K,-0.68%
2016-12-07,2.6415,2.6605,2.694,2.6275,0.12K,-1.33%
2016-12-06,2.677,2.689,2.689,2.657,0.09K,-0.65%
2016-12-05,2.6945,2.605,2.7055,2.605,0.07K,2.77%
2016-12-02,2.622,2.6265,2.6265,2.595,0.09K,-0.64%
2016-12-01,2.639,2.627,2.641,2.615,0.17K,0.36%
2016-11-11,2.5125,2.5395,2.7325,2.507,1.13K,-1.62%
2016-11-10,2.554,2.4565,2.581,2.456,0.53K,3.76%
2016-11-09,2.4615,2.382,2.462,2.3305,0.32K,3.29%
2016-11-08,2.383,2.307,2.385,2.296,0.69K,3.00%
2016-11-07,2.3135,2.263,2.3205,2.263,0.40K,1.98%
2016-11-04,2.2685,2.24,2.269,2.24,0.14K,0.73%
2016-11-03,2.252,2.226,2.251,2.223,0.12K,0.83%
2016-11-02,2.2335,2.22,2.2315,2.21,0.06K,0.09%
2016-11-01,2.2315,2.2115,2.233,2.2115,0.23K,1.06%
2016-10-12,2.1765,2.188,2.194,2.175,43.91K,-0.41%
2016-10-11,2.1855,2.1945,2.1995,2.17,59.88K,-0.55%
2016-10-10,2.1975,2.1695,2.2025,2.1645,64.20K,1.57%
2016-10-07,2.1635,2.1545,2.183,2.1475,60.79K,0.37%
2016-10-06,2.1555,2.1685,2.1715,2.1455,43.20K,-0.42%
2016-10-05,2.1645,2.172,2.1815,2.1585,37.07K,-0.12%
2016-10-04,2.167,2.192,2.196,2.163,53.15K,-1.14%
2016-10-03,2.192,2.2145,2.216,2.167,70.44K,-0.84%
2016-09-12,2.0995,2.083,2.105,2.0775,0.12K,0.36%
2016-09-09,2.092,2.0935,2.0935,2.0885,0.05K,-0.36%
2016-09-08,2.0995,2.0975,2.0995,2.086,0.10K,0.12%
2016-09-07,2.097,2.109,2.1095,2.093,0.08K,0.43%
2016-09-06,2.088,2.084,2.0945,2.072,0.61K,0.58%
2016-09-02,2.076,2.086,2.086,2.0755,0.27K,0.12%
2016-09-01,2.0735,2.084,2.085,2.073,0.10K,-0.07%
2016-08-12,2.144,2.191,2.191,2.1415,0.23K,-2.28%
2016-08-11,2.194,2.187,2.196,2.1815,0.13K,0.87%
2016-08-10,2.175,2.1545,2.2005,2.1545,0.16K,0.95%
2016-08-09,2.1545,2.162,2.162,2.15,0.05K,-0.71%
2016-08-08,2.17,2.177,2.185,2.17,0.23K,0.46%
2016-08-05,2.16,2.183,2.1855,2.159,0.11K,-0.92%
2016-08-04,2.18,2.185,2.185,2.1625,0.45K,-1.07%
2016-08-03,2.2035,2.1855,2.2035,2.185,0.58K,-0.47%
2016-08-02,2.214,2.1985,2.239,2.198,0.11K,0.43%
2016-08-01,2.2045,2.229,2.2455,2.1925,0.28K,-0.92%
2016-07-12,2.213,2.147,2.225,2.1445,73.43K,3.05%
2016-07-11,2.1475,2.125,2.1675,2.1215,51.99K,1.34%
2016-07-08,2.119,2.121,2.142,2.1165,44.18K,-0.21%
2016-07-07,2.1235,2.1545,2.1625,2.117,53.42K,-1.39%
2016-07-06,2.1535,2.184,2.19,2.133,71.26K,-1.37%
2016-07-05,2.1835,2.23,2.248,2.162,111.38K,-1.51%
2016-07-01,2.217,2.2015,2.2375,2.1635,67.24K,0.98%
2016-06-10,2.033,2.042,2.042,2.0205,0.14K,-0.44%
2016-06-09,2.042,2.068,2.0875,2.0175,0.15K,-1.11%
2016-06-08,2.065,2.0585,2.0825,2.0585,0.17K,0.51%
2016-06-07,2.0545,2.119,2.119,2.052,0.30K,-3.14%
2016-06-06,2.121,2.135,2.1445,2.119,0.13K,0.26%
2016-06-03,2.1155,2.077,2.13,2.077,0.08K,2.00%
2016-06-02,2.074,2.0785,2.081,2.066,0.12K,-0.17%
2016-06-01,2.0775,2.0895,2.0905,2.061,0.63K,-1.07%
2016-05-12,2.0745,2.097,2.139,2.059,96.22K,-1.38%
2016-05-11,2.1035,2.0985,2.132,2.0935,64.28K,0.53%
2016-05-10,2.0925,2.1005,2.12,2.0905,63.01K,-0.66%
2016-05-09,2.1065,2.15,2.1555,2.1005,77.41K,-2.21%
2016-05-06,2.154,2.144,2.17,2.1355,63.63K,0.00%
2016-05-05,2.154,2.182,2.1905,2.143,66.97K,-1.49%
2016-05-04,2.1865,2.217,2.222,2.1795,59.89K,-1.46%
2016-05-03,2.219,2.265,2.2695,2.211,70.43K,-2.10%
2016-05-02,2.2665,2.287,2.294,2.2565,29.60K,-0.74%
2016-04-12,2.1505,2.09,2.16,2.0825,0.28K,2.65%
2016-04-11,2.095,2.0955,2.1075,2.0825,0.29K,0.10%
2016-04-08,2.093,2.089,2.1025,2.0795,0.54K,0.43%
2016-04-07,2.084,2.1535,2.158,2.0765,0.45K,-3.07%
2016-04-06,2.15,2.1485,2.156,2.1375,0.50K,0.28%
2016-04-05,2.144,2.156,2.1615,2.1405,0.38K,-0.09%
2016-04-04,2.146,2.174,2.1765,2.1435,0.24K,-1.04%
2016-04-01,2.1685,2.19,2.1965,2.1675,0.10K,-0.89%
2016-03-11,2.241,2.226,2.2565,2.2175,50.02K,0.95%
2016-03-10,2.22,2.234,2.242,2.207,53.45K,-0.56%
2016-03-09,2.2325,2.22,2.253,2.2045,64.63K,0.47%
2016-03-08,2.222,2.274,2.2765,2.2035,82.51K,-2.69%
2016-03-07,2.2835,2.276,2.2925,2.245,80.42K,0.40%
2016-03-04,2.2745,2.2105,2.304,2.208,104.96K,2.99%
2016-03-03,2.2085,2.191,2.22,2.1705,63.00K,1.26%
2016-03-02,2.181,2.142,2.2,2.1355,70.18K,1.65%
2016-03-01,2.1455,2.129,2.148,2.0955,59.11K,0.61%
2016-02-12,2.031,2.0145,2.041,2.014,0.10K,1.12%
2016-02-11,2.0085,2.021,2.0315,2.0055,0.16K,-1.01%
2016-02-10,2.029,2.0445,2.0445,2.0025,0.17K,-0.61%
2016-02-09,2.0415,2.0915,2.097,2.022,0.14K,-2.39%
2016-02-08,2.0915,2.0895,2.1025,2.077,0.09K,-0.64%
2016-02-05,2.105,2.1195,2.127,2.088,0.10K,-1.36%
2016-02-04,2.134,2.112,2.136,2.1095,0.11K,1.74%
2016-02-03,2.0975,2.0455,2.103,2.043,0.12K,1.89%
2016-02-02,2.0585,2.0665,2.0795,2.047,0.09K,-0.02%
2016-02-01,2.059,2.06,2.062,2.039,0.23K,-0.56%
2016-01-12,1.959,1.975,1.981,1.9525,55.04K,-0.68%
2016-01-11,1.9725,2.013,2.0155,1.9665,69.51K,-2.45%
2016-01-08,2.022,2.0225,2.0515,2.011,57.49K,0.00%
2016-01-07,2.022,2.091,2.094,1.99,109.45K,-3.16%
2016-01-06,2.088,2.095,2.0955,2.0715,39.36K,-0.36%
2016-01-05,2.0955,2.0825,2.1115,2.0735,41.86K,0.77%
2016-01-04,2.0795,2.1335,2.1395,2.069,57.20K,-2.60%
2015-12-11,2.1135,2.065,2.133,2.065,0.20K,2.08%
2015-12-10,2.0705,2.068,2.0695,2.058,0.06K,0.29%
2015-12-09,2.0645,2.056,2.089,2.056,0.20K,0.58%
2015-12-08,2.0525,2.0465,2.0695,2.04,0.22K,0.17%
2015-12-07,2.049,2.0725,2.0765,2.046,0.20K,-1.37%
2015-12-04,2.0775,2.0605,2.0805,2.0515,0.20K,0.83%
2015-12-03,2.0605,2.044,2.0625,2.03,0.18K,1.38%
2015-12-02,2.0325,2.082,2.089,2.033,0.40K,-1.88%
2015-12-01,2.0715,2.07,2.08,2.069,0.98K,1.25%
2015-11-12,2.179,2.2235,2.2235,2.166,0.33K,-2.02%
2015-11-11,2.224,2.224,2.2295,2.206,0.13K,0.04%
2015-11-10,2.223,2.234,2.243,2.211,0.43K,-0.65%
2015-11-09,2.2375,2.238,2.256,2.235,0.25K,-0.56%
2015-11-06,2.25,2.2665,2.2665,2.246,0.61K,-0.53%
2015-11-05,2.262,2.3285,2.3345,2.2595,0.22K,-2.84%
2015-11-04,2.328,2.344,2.3615,2.3235,0.12K,-0.34%
2015-11-03,2.336,2.326,2.3365,2.3075,0.17K,0.52%
2015-11-02,2.324,2.3065,2.325,2.3065,0.07K,0.02%
2015-10-12,2.4155,2.4185,2.437,2.404,36.23K,0.06%
2015-10-09,2.414,2.3515,2.4375,2.346,75.81K,3.03%
2015-10-08,2.343,2.367,2.3725,2.318,45.06K,-1.01%
2015-10-07,2.367,2.357,2.396,2.352,41.86K,0.51%
2015-10-06,2.355,2.358,2.376,2.3255,34.05K,-0.02%
2015-10-05,2.3555,2.3355,2.3735,2.3295,35.21K,1.29%
2015-10-02,2.3255,2.308,2.3465,2.273,43.13K,0.91%
2015-10-01,2.3045,2.338,2.3765,2.297,52.45K,-1.56%
2015-09-11,2.4545,2.463,2.463,2.4295,0.04K,0.27%
2015-09-10,2.448,2.426,2.4705,2.426,0.04K,0.43%
2015-09-09,2.4375,2.4305,2.473,2.4235,0.21K,0.18%
2015-09-08,2.433,2.3485,2.442,2.3405,0.38K,5.21%
2015-09-04,2.3125,2.3645,2.3645,2.3115,0.08K,-3.04%
2015-09-03,2.385,2.354,2.4155,2.354,0.11K,2.29%
2015-09-02,2.3315,2.303,2.345,2.303,0.10K,1.26%
2015-09-01,2.3025,2.3345,2.336,2.301,0.21K,-1.54%
2015-08-12,2.352,2.32,2.3565,2.298,0.70K,0.73%
2015-08-11,2.335,2.42,2.4305,2.325,0.18K,-2.91%
2015-08-10,2.405,2.3195,2.4105,2.3195,0.33K,2.91%
2015-08-07,2.337,2.344,2.35,2.323,0.24K,-0.34%
2015-08-06,2.345,2.3575,2.3575,2.3435,0.36K,-0.38%
2015-08-05,2.354,2.359,2.3625,2.3505,0.54K,-0.57%
2015-08-04,2.3675,2.3725,2.375,2.355,0.06K,0.66%
2015-08-03,2.352,2.35,2.358,2.3315,0.60K,-0.72%
2015-07-10,2.5375,2.55,2.572,2.5215,39.66K,-0.55%
2015-07-09,2.5515,2.496,2.5965,2.487,79.04K,2.18%
2015-07-08,2.497,2.4635,2.5215,2.381,113.77K,2.06%
2015-07-07,2.4465,2.538,2.5455,2.387,118.54K,-3.61%
2015-07-06,2.538,2.634,2.6095,2.504,100.37K,-3.53%
2015-07-02,2.631,2.6285,2.646,2.621,31.12K,0.02%
2015-07-01,2.6305,2.6145,2.6495,2.6025,48.06K,0.59%
2015-06-12,2.683,2.6825,2.6855,2.6665,0.25K,0.34%
2015-06-11,2.674,2.7475,2.7475,2.664,0.66K,-2.83%
2015-06-10,2.752,2.739,2.77,2.739,0.58K,1.25%
2015-06-09,2.718,2.7105,2.7375,2.7105,0.54K,0.65%
2015-06-08,2.7005,2.699,2.7065,2.697,0.94K,0.17%
2015-06-05,2.696,2.675,2.7045,2.675,0.07K,0.19%
2015-06-04,2.691,2.708,2.7135,2.685,0.13K,-1.43%
2015-06-03,2.73,2.7295,2.7465,2.729,0.09K,-0.36%
2015-06-02,2.74,2.734,2.7475,2.725,0.23K,0.55%
2015-06-01,2.725,2.7255,2.745,2.7195,0.18K,-0.29%
2015-05-12,2.9315,2.911,2.946,2.9,41.10K,0.98%
2015-05-11,2.903,2.9285,2.9295,2.896,35.91K,-0.60%
2015-05-08,2.9205,2.915,2.933,2.888,40.32K,0.09%
2015-05-07,2.918,2.9275,2.9375,2.905,38.31K,-0.27%
2015-05-06,2.926,2.931,2.947,2.902,44.24K,-0.31%
2015-05-05,2.935,2.9105,2.956,2.8995,50.42K,0.50%
2015-05-04,2.9205,2.932,2.933,2.8925,30.41K,-0.31%
2015-05-01,2.9295,2.885,2.9375,2.875,43.68K,1.49%
2015-04-10,2.7365,2.7275,2.7755,2.7275,0.39K,0.22%
2015-04-09,2.7305,2.738,2.759,2.725,0.39K,-0.11%
2015-04-08,2.7335,2.75,2.7665,2.731,0.24K,-1.12%
2015-04-07,2.7645,2.725,2.7775,2.724,0.18K,1.67%
2015-04-06,2.719,2.75,2.83,2.6975,0.22K,-0.62%
2015-04-03,2.736,2.736,2.736,2.736,,0.00%
2015-04-02,2.736,2.759,2.7595,2.7215,0.11K,-0.51%
2015-04-01,2.75,2.757,2.757,2.7105,0.10K,0.33%
2015-03-12,2.6585,2.6055,2.68,2.5985,60.64K,2.01%
2015-03-11,2.606,2.62,2.6475,2.5995,40.77K,-0.69%
2015-03-10,2.624,2.668,2.6695,2.6055,42.21K,-1.74%
2015-03-09,2.6705,2.6135,2.6775,2.5925,50.10K,2.36%
2015-03-06,2.609,2.652,2.656,2.605,42.86K,-1.64%
2015-03-05,2.6525,2.6625,2.6795,2.6475,29.77K,-0.26%
2015-03-04,2.6595,2.655,2.676,2.6375,32.32K,0.11%
2015-03-03,2.6565,2.692,2.695,2.629,49.18K,-1.52%
2015-03-02,2.6975,2.6985,2.718,2.677,42.09K,0.22%
2015-02-12,2.6045,2.554,2.6175,2.554,0.12K,2.38%
2015-02-11,2.544,2.572,2.585,2.5415,0.40K,-0.51%
2015-02-10,2.557,2.5645,2.5845,2.53,0.50K,-1.04%
2015-02-09,2.584,2.5865,2.59,2.566,0.31K,-0.15%
2015-02-06,2.588,2.596,2.6135,2.57,0.14K,-0.31%
2015-02-05,2.596,2.5935,2.604,2.5405,0.15K,0.17%
2015-02-04,2.5915,2.5795,2.6125,2.56,0.31K,0.33%
2015-02-03,2.583,2.509,2.595,2.509,0.23K,3.63%
2015-02-02,2.4925,2.4745,2.5145,2.472,0.06K,-0.12%
2015-01-12,2.7255,2.757,2.76,2.7,55.60K,-1.05%
2015-01-09,2.7545,2.767,2.776,2.7385,45.11K,-0.54%
2015-01-08,2.7695,2.764,2.794,2.7535,47.90K,0.40%
2015-01-07,2.7585,2.76,2.7765,2.748,36.92K,-0.31%
2015-01-06,2.767,2.7695,2.782,2.7565,34.05K,0.04%
2015-01-05,2.766,2.814,2.827,2.744,51.07K,-1.83%
2015-01-02,2.8175,2.8255,2.841,2.801,24.54K,-0.28%
2014-12-12,2.9415,2.9295,2.944,2.9295,0.14K,0.38%
2014-12-11,2.9305,2.91,2.9385,2.91,0.08K,0.96%
2014-12-10,2.9025,2.926,2.9325,2.9015,0.05K,-1.12%
2014-12-09,2.9355,2.885,2.9515,2.881,0.12K,1.38%
2014-12-08,2.8955,2.9035,2.9075,2.894,0.09K,-0.62%
2014-12-05,2.9135,2.9425,2.9425,2.9115,0.19K,-0.34%
2014-12-04,2.9235,2.9315,2.9315,2.9185,0.09K,1.48%
2014-12-03,2.881,2.89,2.89,2.873,0.20K,-0.74%
2014-12-02,2.9025,2.8895,2.902,2.865,0.11K,-0.27%
2014-12-01,2.9105,2.8185,2.9165,2.7945,0.28K,1.91%
2014-11-12,3.026,3.036,3.0415,3.0235,0.09K,-0.30%
2014-11-11,3.035,3.018,3.0445,2.992,0.18K,0.48%
2014-11-10,3.0205,3.0335,3.049,3.015,0.24K,-0.54%
2014-11-07,3.037,3.0195,3.045,3.011,0.07K,0.70%
2014-11-06,3.016,3.006,3.02,2.9975,0.13K,0.28%
2014-11-05,3.0075,3.011,3.0135,2.966,0.17K,-0.36%
2014-11-04,3.0185,3.0575,3.0685,3.004,0.37K,-1.53%
2014-11-03,3.0655,3.0455,3.069,3.041,0.11K,0.61%
2014-10-10,3.035,3.03,3.043,2.9895,65.32K,0.17%
2014-10-09,3.03,3.024,3.059,3.0185,57.72K,0.88%
2014-10-08,3.0035,3.0325,3.049,2.996,67.26K,-1.17%
2014-10-07,3.039,3.0415,3.0435,3.0175,32.82K,0.12%
2014-10-06,3.0355,3.0015,3.0435,2.991,34.11K,1.23%
2014-10-03,2.9985,3.0085,3.017,2.9915,31.59K,0.00%
2014-10-02,2.9985,3.025,3.0395,2.9855,50.42K,-1.24%
2014-10-01,3.036,3.007,3.049,3.0,44.75K,0.95%
2014-09-12,3.105,3.097,3.1065,3.079,0.12K,0.47%
2014-09-11,3.0905,3.09,3.112,3.062,0.21K,-0.58%
2014-09-10,3.1085,3.102,3.115,3.0925,0.13K,0.29%
2014-09-09,3.0995,3.159,3.159,3.092,0.34K,-2.08%
2014-09-08,3.1655,3.199,3.206,3.1615,0.22K,-0.05%
2014-09-05,3.167,3.1545,3.167,3.1485,0.05K,0.59%
2014-09-04,3.1485,3.135,3.1705,3.131,0.24K,0.77%
2014-09-03,3.1245,3.1535,3.1585,3.123,0.36K,-0.81%
2014-09-02,3.15,3.149,3.1665,3.1405,0.44K,-0.10%
2014-08-12,3.162,3.172,3.194,3.153,0.55K,-0.58%
2014-08-11,3.1805,3.1875,3.228,3.176,0.40K,0.03%
2014-08-08,3.1795,3.181,3.1865,3.1675,0.53K,-0.06%
2014-08-07,3.1815,3.181,3.1865,3.1645,0.56K,0.33%
2014-08-06,3.171,3.2075,3.209,3.1665,0.17K,-1.23%
2014-08-05,3.2105,3.2465,3.25,3.2045,0.13K,-1.22%
2014-08-04,3.25,3.2165,3.253,3.2125,0.07K,0.92%
2014-08-01,3.2205,3.235,3.257,3.216,0.11K,-0.48%
2014-07-11,3.269,3.271,3.2745,3.2465,37.51K,0.06%
2014-07-10,3.267,3.2535,3.2765,3.233,43.79K,0.58%
2014-07-09,3.248,3.2615,3.2755,3.246,40.51K,-0.28%
2014-07-08,3.257,3.2585,3.294,3.2485,46.42K,-0.12%
2014-07-07,3.261,3.2755,3.286,3.237,48.97K,-0.56%
2014-07-03,3.2795,3.259,3.282,3.2465,46.93K,0.44%
2014-07-02,3.265,3.204,3.2665,3.183,52.82K,1.90%
2014-07-01,3.204,3.203,3.2135,3.194,36.05K,0.02%
2014-06-12,3.0175,3.0375,3.045,3.013,0.31K,-0.74%
2014-06-11,3.04,3.047,3.0625,3.0325,0.20K,-0.39%
2014-06-10,3.052,3.042,3.057,3.022,0.24K,0.33%
2014-06-09,3.042,3.043,3.0515,3.02,0.54K,-0.28%
2014-06-06,3.0505,3.0845,3.0845,3.0375,0.30K,-1.26%
2014-06-05,3.0895,3.09,3.101,3.079,0.36K,-0.05%
2014-06-04,3.091,3.12,3.12,3.085,0.61K,-1.40%
2014-06-03,3.135,3.1355,3.1375,3.126,0.19K,-1.04%
2014-06-02,3.168,3.162,3.1685,3.157,0.09K,1.52%
2014-05-12,3.1495,3.085,3.1555,3.084,55.56K,2.16%
2014-05-09,3.083,3.0595,3.089,3.0525,38.35K,0.67%
2014-05-08,3.0625,3.037,3.0695,3.0275,38.25K,0.99%
2014-05-07,3.0325,3.056,3.062,3.0155,40.40K,-0.80%
2014-05-06,3.057,3.053,3.066,3.0475,25.21K,0.11%
2014-05-05,3.0535,3.073,3.082,3.0485,18.67K,-0.54%
2014-05-02,3.07,3.026,3.0785,3.0135,36.86K,1.61%
2014-05-01,3.0215,3.0175,3.034,3.003,28.77K,-0.20%
2014-04-11,3.0405,3.0375,3.0675,3.0305,0.41K,-0.03%
2014-04-10,3.0415,3.0415,3.042,3.0175,0.58K,0.33%
2014-04-09,3.0315,3.047,3.0475,3.003,0.55K,-0.46%
2014-04-08,3.0455,3.03,3.056,3.025,0.45K,0.23%
2014-04-07,3.0385,3.0,3.0525,2.9815,0.41K,0.55%
2014-04-04,3.022,3.0345,3.0595,3.015,0.20K,-0.17%
2014-04-03,3.027,3.0305,3.0365,3.008,0.27K,-0.57%
2014-04-02,3.0445,3.037,3.071,3.0365,0.22K,0.36%
2014-04-01,3.0335,3.033,3.0385,3.019,0.15K,0.30%
2014-03-12,2.962,2.95,2.9815,2.908,93.72K,0.34%
2014-03-11,2.952,3.042,3.057,2.942,82.36K,-2.62%
2014-03-10,3.0315,3.0775,3.0775,2.9955,79.36K,-1.65%
2014-03-07,3.0825,3.217,3.22,3.077,94.14K,-4.21%
2014-03-06,3.218,3.2015,3.219,3.194,32.41K,0.48%
2014-03-05,3.2025,3.211,3.2355,3.201,35.57K,-0.37%
2014-03-04,3.2145,3.1725,3.222,3.166,51.13K,1.34%
2014-03-03,3.172,3.1895,3.1975,3.1565,46.02K,-0.49%
2014-02-12,3.2555,3.2355,3.26,3.2355,1.06K,1.24%
2014-02-11,3.2155,3.219,3.231,3.2065,0.41K,-0.31%
2014-02-10,3.2255,3.243,3.243,3.217,0.50K,-0.36%
2014-02-07,3.237,3.242,3.2445,3.2365,0.35K,0.28%
2014-02-06,3.228,3.1975,3.2365,3.1975,0.08K,1.22%
2014-02-05,3.189,3.1995,3.205,3.1885,0.23K,-0.13%
2014-02-04,3.193,3.19,3.201,3.1895,0.15K,0.19%
2014-02-03,3.187,3.2025,3.2025,3.18,0.12K,-0.41%
2014-01-10,3.3415,3.295,3.3465,3.2895,46.98K,1.29%
2014-01-09,3.299,3.3425,3.3565,3.2885,56.66K,-1.30%
2014-01-08,3.3425,3.3565,3.377,3.335,38.93K,-0.51%
2014-01-07,3.3595,3.3595,3.366,3.342,36.08K,0.00%
2014-01-06,3.3595,3.3505,3.3645,3.3305,38.06K,0.13%
2014-01-03,3.355,3.385,3.3875,3.3455,36.14K,-0.78%
2014-01-02,3.3815,3.3985,3.4245,3.376,42.68K,-0.44%
2013-12-12,3.304,3.301,3.3175,3.2985,0.09K,-0.06%
2013-12-11,3.306,3.2795,3.3045,3.2755,0.11K,0.87%
2013-12-10,3.2775,3.261,3.2885,3.261,0.40K,0.29%
2013-12-09,3.268,3.257,3.2695,3.244,0.18K,0.35%
2013-12-06,3.2565,3.2275,3.2675,3.2275,0.40K,0.57%
2013-12-05,3.238,3.239,3.24,3.2325,0.13K,-0.58%
2013-12-04,3.257,3.195,3.255,3.1865,0.18K,2.34%
2013-12-03,3.1825,3.174,3.189,3.174,0.07K,-0.31%
2013-12-02,3.1925,3.209,3.2145,3.186,0.33K,-0.72%
2013-11-12,3.24,3.2595,3.2595,3.2235,0.15K,-0.77%
2013-11-11,3.265,3.2695,3.281,3.253,0.11K,0.17%
2013-11-08,3.2595,3.2445,3.269,3.2365,0.21K,0.17%
2013-11-07,3.254,3.26,3.26,3.2375,0.49K,0.35%
2013-11-06,3.2425,3.2665,3.279,3.2365,0.05K,-0.66%
2013-11-05,3.264,3.2685,3.271,3.255,0.11K,0.18%
2013-11-04,3.258,3.3065,3.3075,3.255,0.10K,-1.36%
2013-11-01,3.303,3.3065,3.3095,3.302,0.03K,-0.05%
2013-10-11,3.269,3.2435,3.2735,3.225,49.41K,0.63%
2013-10-10,3.2485,3.228,3.2525,3.215,53.91K,0.54%
2013-10-09,3.231,3.2895,3.2985,3.22,66.90K,-1.87%
2013-10-08,3.2925,3.2995,3.3215,3.2825,43.07K,-0.12%
2013-10-07,3.2965,3.2985,3.313,3.264,36.99K,-0.14%
2013-10-04,3.301,3.2795,3.317,3.258,38.14K,0.99%
2013-10-03,3.2685,3.309,3.325,3.2615,37.08K,-1.43%
2013-10-02,3.316,3.2815,3.3195,3.248,44.78K,1.28%
2013-10-01,3.274,3.3245,3.3375,3.249,51.91K,-1.47%
2013-09-12,3.21,3.2485,3.2525,3.1945,0.30K,-1.40%
2013-09-11,3.2555,3.27,3.2775,3.255,0.24K,-0.17%
2013-09-10,3.261,3.266,3.29,3.2555,0.16K,-0.46%
2013-09-09,3.276,3.2795,3.2955,3.27,0.20K,0.54%
2013-09-06,3.2585,3.2435,3.281,3.2435,0.10K,0.51%
2013-09-05,3.242,3.237,3.2485,3.224,0.14K,0.09%
2013-09-04,3.239,3.3,3.3,3.23,0.15K,-1.89%
2013-09-03,3.3015,3.26,3.322,3.251,0.22K,2.20%
2013-08-12,3.3045,3.288,3.3215,3.288,0.15K,-0.12%
2013-08-09,3.3085,3.266,3.3155,3.2485,0.18K,1.10%
2013-08-08,3.2725,3.1985,3.276,3.1985,0.57K,3.01%
2013-08-07,3.177,3.1595,3.188,3.14,0.11K,-0.02%
2013-08-06,3.1775,3.1915,3.2045,3.175,0.15K,0.13%
2013-08-05,3.1735,3.1805,3.1805,3.1635,0.10K,-0.14%
2013-08-02,3.178,3.1595,3.2035,3.1525,0.12K,0.22%
2013-08-01,3.171,3.125,3.1915,3.1165,0.41K,1.47%
2013-07-12,3.155,3.1775,3.1935,3.136,40.98K,-0.71%
2013-07-11,3.1775,3.0965,3.201,3.09,77.65K,2.80%
2013-07-10,3.091,3.065,3.0995,3.031,55.38K,0.86%
2013-07-09,3.0645,3.1015,3.116,3.025,57.95K,-1.13%
2013-07-08,3.0995,3.0775,3.11,3.058,40.53K,1.13%
2013-07-05,3.065,3.169,3.1785,3.0485,68.97K,-3.45%
2013-07-03,3.1745,3.137,3.179,3.133,48.97K,1.00%
2013-07-02,3.143,3.153,3.166,3.127,53.68K,-0.44%
2013-07-01,3.157,3.045,3.1745,3.033,67.63K,3.25%
2013-06-12,3.2325,3.203,3.238,3.184,0.41K,0.95%
2013-06-11,3.202,3.253,3.28,3.1875,0.68K,-1.42%
2013-06-10,3.248,3.254,3.254,3.21,0.22K,-0.82%
2013-06-07,3.275,3.3425,3.3425,3.2725,0.18K,-1.52%
2013-06-06,3.3255,3.3595,3.3595,3.3165,0.44K,-1.57%
2013-06-05,3.3785,3.384,3.398,3.372,0.08K,0.07%
2013-06-04,3.376,3.3425,3.3785,3.3425,0.12K,1.15%
2013-06-03,3.3375,3.331,3.343,3.3085,0.05K,1.14%
2013-05-10,3.353,3.335,3.3855,3.304,72.52K,0.37%
2013-05-09,3.3405,3.366,3.3785,3.315,63.21K,-0.89%
2013-05-08,3.3705,3.3045,3.399,3.291,79.29K,2.06%
2013-05-07,3.3025,3.297,3.3475,3.263,79.22K,-0.24%
2013-05-06,3.3105,3.3005,3.33,3.28,43.64K,-0.12%
2013-05-03,3.3145,3.1095,3.317,3.106,119.53K,6.76%
2013-05-02,3.1045,3.066,3.1375,3.066,72.27K,0.80%
2013-05-01,3.08,3.1895,3.196,3.0425,61.28K,-3.37%
2013-04-12,3.3605,3.43,3.4395,3.3395,0.85K,-2.44%
2013-04-11,3.4445,3.4235,3.4465,3.4,0.20K,0.47%
2013-04-10,3.4285,3.446,3.45,3.417,0.17K,-0.67%
2013-04-09,3.4515,3.3935,3.4595,3.3935,0.31K,2.09%
2013-04-08,3.381,3.3635,3.3965,3.359,0.78K,0.81%
2013-04-05,3.354,3.3735,3.3735,3.3405,0.34K,-0.22%
2013-04-04,3.3615,3.3395,3.3795,3.319,0.54K,0.55%
2013-04-03,3.343,3.3895,3.3915,3.3335,0.40K,-1.36%
2013-04-02,3.389,3.383,3.3935,3.3705,0.43K,0.12%
2013-04-01,3.385,3.3955,3.3955,3.352,0.46K,-0.81%
2013-03-12,3.5545,3.52,3.576,3.5,63.08K,1.07%
2013-03-11,3.517,3.508,3.5225,3.475,48.43K,0.23%
2013-03-08,3.509,3.518,3.534,3.499,47.16K,-0.33%
2013-03-07,3.5205,3.505,3.5345,3.4925,40.82K,0.79%
2013-03-06,3.493,3.5215,3.5415,3.487,48.07K,-0.63%
2013-03-05,3.515,3.52,3.5445,3.5145,45.95K,0.39%
2013-03-04,3.5015,3.502,3.5265,3.4825,56.51K,0.01%
2013-03-01,3.501,3.553,3.558,3.4725,73.03K,-1.31%
2013-02-12,3.753,3.7285,3.753,3.723,0.15K,0.58%
2013-02-11,3.7315,3.759,3.7595,3.725,0.08K,-0.98%
2013-02-08,3.7685,3.755,3.7765,3.755,0.14K,0.87%
2013-02-07,3.736,3.752,3.752,3.735,0.24K,-0.33%
2013-02-06,3.7485,3.775,3.775,3.7465,0.14K,-0.77%
2013-02-05,3.7775,3.7765,3.788,3.774,0.29K,0.05%
2013-02-04,3.7755,3.7925,3.7925,3.7735,0.12K,-0.01%
2013-02-03,3.776,3.731,3.776,3.731,0.11K,-0.41%
2013-02-01,3.7915,3.735,3.7895,3.7345,0.18K,1.39%
2013-01-11,3.654,3.7135,3.718,3.652,45.93K,-1.48%
2013-01-10,3.709,3.671,3.718,3.666,42.88K,1.05%
2013-01-09,3.6705,3.6795,3.7075,3.6645,40.26K,-0.04%
2013-01-08,3.672,3.684,3.6915,3.66,37.41K,-0.16%
2013-01-07,3.678,3.7035,3.7135,3.6525,39.01K,-0.03%
2013-01-06,3.679,3.684,3.69,3.671,0.29K,-0.39%
2013-01-04,3.6935,3.6935,3.707,3.671,45.82K,-0.63%
2013-01-03,3.717,3.7315,3.759,3.69,44.09K,-0.51%
2013-01-02,3.736,3.651,3.759,3.644,48.42K,2.29%
2012-12-12,3.712,3.69,3.7115,3.6755,0.07K,0.81%
2012-12-11,3.682,3.7,3.7,3.6785,0.16K,-0.53%
2012-12-10,3.7015,3.666,3.713,3.666,0.56K,1.19%
2012-12-07,3.658,3.6445,3.67,3.64,0.24K,0.51%
2012-12-06,3.6395,3.651,3.6805,3.633,0.07K,-1.13%
2012-12-05,3.681,3.65,3.6865,3.646,0.08K,0.86%
2012-12-04,3.6495,3.6345,3.6635,3.6345,0.10K,-0.11%
2012-12-03,3.6535,3.6425,3.6575,3.6405,0.10K,0.23%
2012-11-12,3.4745,3.454,3.4815,3.454,0.18K,0.65%
2012-11-09,3.452,3.4895,3.4895,3.411,1.29K,-0.68%
2012-11-08,3.4755,3.464,3.476,3.449,0.09K,0.81%
2012-11-07,3.4475,3.5075,3.546,3.438,0.22K,-1.84%
2012-11-06,3.512,3.4875,3.521,3.4865,0.05K,1.05%
2012-11-05,3.4755,3.475,3.4865,3.4545,0.09K,-0.33%
2012-11-02,3.487,3.5495,3.5495,3.48,0.07K,-1.98%
2012-11-01,3.5575,3.5495,3.57,3.546,0.05K,0.98%
2012-10-12,3.703,3.745,3.7565,3.693,45.03K,-1.29%
2012-10-11,3.7515,3.7115,3.7785,3.692,45.57K,0.90%
2012-10-10,3.718,3.7245,3.728,3.6935,40.27K,0.00%
2012-10-09,3.718,3.7255,3.753,3.707,47.28K,0.00%
2012-10-08,3.718,3.77,3.77,3.702,37.28K,-1.59%
2012-10-05,3.778,3.7895,3.81,3.75,43.90K,-0.21%
2012-10-04,3.786,3.773,3.813,3.766,40.19K,0.05%
2012-10-03,3.784,3.7935,3.7945,3.761,37.45K,-0.45%
2012-10-02,3.801,3.776,3.8225,3.768,39.91K,0.41%
2012-10-01,3.7855,3.7505,3.798,3.7215,45.94K,0.73%
2012-09-12,3.6965,3.6925,3.7295,3.6835,0.17K,-0.11%
2012-09-11,3.7005,3.652,3.705,3.652,0.16K,0.24%
2012-09-10,3.6915,3.6475,3.6965,3.6475,0.15K,1.21%
2012-09-07,3.6475,3.5275,3.654,3.5275,0.14K,3.68%
2012-09-06,3.518,3.5225,3.5315,3.5,0.17K,-0.33%
2012-09-05,3.5295,3.471,3.5245,3.4655,0.42K,1.73%
2012-09-04,3.4695,3.48,3.489,3.47,0.09K,0.35%
2012-08-10,3.398,3.3845,3.41,3.367,0.13K,-0.92%
2012-08-09,3.4295,3.44,3.44,3.4115,0.06K,0.10%
2012-08-08,3.426,3.4275,3.435,3.421,0.19K,-0.55%
2012-08-07,3.445,3.378,3.4515,3.378,0.48K,1.50%
2012-08-06,3.394,3.3665,3.3935,3.352,0.03K,0.64%
2012-08-03,3.3725,3.3245,3.373,3.319,0.35K,2.32%
2012-08-02,3.296,3.356,3.372,3.297,0.20K,-2.50%
2012-08-01,3.3805,3.369,3.3785,3.353,1.15K,-1.26%
2012-07-12,3.415,3.4305,3.439,3.3845,42.67K,-0.94%
2012-07-11,3.4475,3.3885,3.4525,3.3885,45.06K,1.46%
2012-07-10,3.398,3.438,3.44,3.382,40.28K,-0.98%
2012-07-09,3.4315,3.4125,3.44,3.3965,31.77K,0.65%
2012-07-06,3.4095,3.491,3.505,3.405,43.32K,-2.39%
2012-07-05,3.493,3.5385,3.54,3.4695,64.17K,-1.33%
2012-07-03,3.54,3.467,3.5565,3.463,53.75K,2.05%
2012-07-02,3.469,3.495,3.5025,3.4525,48.96K,-0.79%
2012-06-12,3.341,3.31,3.36,3.31,0.17K,-0.22%
2012-06-11,3.3485,3.3755,3.38,3.3395,0.16K,1.75%
2012-06-08,3.291,3.356,3.356,3.2765,0.11K,-2.53%
2012-06-07,3.3765,3.3765,3.4355,3.3375,0.79K,-0.24%
2012-06-06,3.3845,3.3175,3.383,3.3175,0.19K,2.72%
2012-06-05,3.295,3.3515,3.3515,3.2925,0.05K,-0.56%
2012-06-04,3.3135,3.3475,3.35,3.335,0.03K,-0.20%
2012-06-01,3.32,3.3695,3.38,3.31,0.14K,-1.50%
2012-05-11,3.648,3.6795,3.6835,3.6165,54.91K,-1.15%
2012-05-10,3.6905,3.662,3.7135,3.6435,55.36K,0.85%
2012-05-09,3.6595,3.689,3.6945,3.61,69.03K,-0.49%
2012-05-08,3.6775,3.7655,3.7655,3.6565,59.75K,-2.54%
2012-05-07,3.7735,3.7075,3.7785,3.6665,37.64K,1.41%
2012-05-04,3.721,3.736,3.755,3.7025,50.07K,-0.40%
2012-05-03,3.736,3.785,3.791,3.727,45.90K,-1.35%
2012-05-02,3.787,3.8385,3.8395,3.7665,47.77K,-1.47%
2012-05-01,3.8435,3.837,3.8555,3.812,35.71K,0.37%
2012-04-12,3.7245,3.659,3.7345,3.6585,0.24K,2.21%
2012-04-11,3.644,3.6565,3.668,3.638,0.20K,-0.29%
2012-04-10,3.6545,3.759,3.78,3.656,0.18K,-1.89%
2012-04-09,3.725,3.784,3.8015,3.7125,0.31K,-2.00%
2012-04-05,3.801,3.7975,3.829,3.7815,0.12K,0.13%
2012-04-04,3.796,3.8955,3.8955,3.7955,0.08K,-3.26%
2012-04-03,3.924,3.917,3.9495,3.889,0.13K,-0.03%
2012-04-02,3.925,3.8695,3.9355,3.842,0.17K,2.49%
2012-03-12,3.8375,3.855,3.865,3.817,37.75K,-0.54%
2012-03-09,3.8585,3.7945,3.8775,3.788,53.14K,1.77%
2012-03-08,3.7915,3.771,3.831,3.765,46.17K,0.65%
2012-03-07,3.767,3.739,3.786,3.714,52.65K,0.79%
2012-03-06,3.7375,3.8635,3.883,3.7305,59.11K,-3.16%
2012-03-05,3.8595,3.9045,3.9325,3.8355,43.24K,-1.11%
2012-03-02,3.903,3.9315,3.9495,3.889,41.24K,-0.72%
2012-03-01,3.9315,3.8635,3.9385,3.8485,48.23K,1.34%
2012-02-10,3.866,3.9615,3.9615,3.8575,0.12K,-2.91%
2012-02-09,3.982,3.901,3.9835,3.8905,0.84K,1.71%
2012-02-08,3.915,3.8845,3.9365,3.8845,0.40K,0.84%
2012-02-07,3.8825,3.86,3.886,3.819,0.30K,0.28%
2012-02-06,3.8715,3.88,3.88,3.8585,0.07K,-0.95%
2012-02-03,3.9085,3.79,3.918,3.79,0.16K,3.17%
2012-02-02,3.7885,3.846,3.846,3.78,0.04K,-1.57%
2012-02-01,3.849,3.785,3.8525,3.7775,0.09K,1.37%
2012-01-12,3.649,3.55,3.671,3.522,61.17K,2.90%
2012-01-11,3.546,3.5,3.5565,3.4705,49.43K,0.94%
2012-01-10,3.513,3.424,3.5175,3.404,42.60K,2.84%
2012-01-09,3.416,3.4345,3.442,3.378,34.69K,-0.55%
2012-01-06,3.435,3.4115,3.465,3.3935,37.02K,0.25%
2012-01-05,3.4265,3.434,3.48,3.3845,42.33K,-0.23%
2012-01-04,3.4345,3.521,3.5245,3.42,40.44K,-2.66%
2012-01-03,3.5285,3.454,3.539,3.454,33.63K,2.69%
2011-12-12,3.4625,3.505,3.5095,3.4455,0.18K,-2.60%
2011-12-09,3.555,3.493,3.5565,3.4895,0.14K,1.63%
2011-12-08,3.498,3.554,3.6,3.491,0.06K,-1.58%
2011-12-07,3.554,3.5795,3.5895,3.5375,0.05K,-0.55%
2011-12-06,3.5735,3.5415,3.5965,3.5385,0.02K,-1.12%
2011-12-05,3.614,3.58,3.58,3.546,0.01K,0.88%
2011-12-02,3.5825,3.582,3.615,3.5615,0.09K,1.42%
2011-12-01,3.5325,3.576,3.576,3.5215,0.09K,-1.15%
2011-11-11,3.4735,3.397,3.486,3.3845,0.28K,2.63%
2011-11-10,3.3845,3.406,3.41,3.335,0.19K,-1.94%
2011-11-09,3.4515,3.58,3.6005,3.401,0.19K,-2.61%
2011-11-08,3.544,3.589,3.589,3.5325,0.39K,-0.06%
2011-11-07,3.546,3.65,3.65,3.5395,0.19K,-0.80%
2011-11-04,3.5745,3.62,3.6595,3.556,0.49K,-0.64%
2011-11-03,3.5975,3.562,3.6025,3.491,0.11K,0.22%
2011-11-02,3.5895,3.5685,3.61,3.5585,0.14K,2.21%
2011-11-01,3.512,3.6405,3.66,3.481,0.25K,-3.57%
2011-10-12,3.3935,3.275,3.4115,3.2385,47.03K,3.13%
2011-10-11,3.2905,3.361,3.387,3.2305,43.42K,-2.30%
2011-10-10,3.368,3.28,3.391,3.2775,38.98K,2.89%
2011-10-07,3.2735,3.273,3.338,3.258,51.95K,0.83%
2011-10-06,3.2465,3.127,3.2805,3.1185,48.10K,4.52%
2011-10-05,3.106,3.135,3.1705,3.0255,59.89K,0.08%
2011-10-04,3.1035,3.051,3.155,3.031,64.20K,-1.49%
2011-10-03,3.1505,3.14,3.179,2.994,72.69K,-0.05%
2011-09-12,3.9625,3.96,3.9835,3.917,0.10K,-0.89%
2011-09-09,3.998,4.0505,4.0505,3.996,0.03K,-3.39%
2011-09-08,4.1385,4.088,4.14,4.088,0.07K,0.28%
2011-09-07,4.127,4.13,4.13,4.13,0.05K,1.89%
2011-09-06,4.0505,4.09,4.09,4.045,0.04K,-1.67%
2011-09-02,4.1195,4.125,4.125,4.093,0.05K,-0.87%
2011-09-01,4.1555,4.153,4.1555,4.1385,0.02K,-1.05%
2011-08-12,4.021,4.017,4.0395,4.0025,0.11K,0.07%
2011-08-11,4.018,3.993,4.079,3.964,0.30K,3.07%
2011-08-10,3.8985,4.0565,4.0585,3.886,0.22K,-2.05%
2011-08-09,3.98,3.895,4.0625,3.847,0.13K,0.21%
2011-08-08,3.9715,4.068,4.133,3.937,0.31K,-3.77%
2011-08-05,4.127,4.229,4.229,4.0945,0.24K,-2.80%
2011-08-04,4.246,4.3485,4.3485,4.225,0.20K,-2.09%
2011-08-03,4.3365,4.35,4.395,4.341,0.12K,-1.56%
2011-08-02,4.405,4.4205,4.4335,4.3895,0.19K,-0.34%
2011-08-01,4.42,4.5165,4.5165,4.405,0.33K,-1.55%
2011-07-12,4.3915,4.374,4.4085,4.3145,37.90K,0.54%
2011-07-11,4.368,4.4105,4.42,4.334,41.00K,-1.00%
2011-07-08,4.412,4.4265,4.4565,4.3755,40.94K,-0.68%
2011-07-07,4.442,4.335,4.4435,4.3255,42.14K,2.47%
2011-07-06,4.335,4.341,4.348,4.301,30.72K,-0.29%
2011-07-05,4.3475,4.3,4.354,4.2825,34.54K,1.05%
2011-07-01,4.3025,4.272,4.3175,4.2485,29.21K,0.47%
2011-06-10,4.0665,4.12,4.1225,4.0395,0.16K,-1.25%
2011-06-09,4.118,4.1235,4.1245,4.0585,0.35K,-0.01%
2011-06-08,4.1185,4.16,4.16,4.0985,0.19K,-1.00%
2011-06-07,4.16,4.129,4.172,4.129,0.22K,0.20%
2011-06-06,4.1515,4.147,4.168,4.1315,0.09K,0.17%
2011-06-03,4.1445,4.101,4.151,4.0755,0.14K,1.22%
2011-06-02,4.0945,4.097,4.111,4.053,0.04K,-0.53%
2011-06-01,4.1165,4.177,4.192,4.102,0.23K,-1.70%
2011-05-12,3.9705,3.912,3.9935,3.8535,47.79K,1.46%
2011-05-11,3.9135,4.0445,4.0685,3.898,41.76K,-3.18%
2011-05-10,4.042,4.055,4.084,4.004,27.82K,0.63%
2011-05-09,4.0165,3.985,4.0705,3.975,31.87K,1.03%
2011-05-06,3.9755,3.986,4.0595,3.928,51.08K,-0.56%
2011-05-05,3.998,4.126,4.142,3.9645,50.80K,-3.29%
2011-05-04,4.134,4.246,4.2545,4.125,35.61K,-2.80%
2011-05-03,4.253,4.175,4.267,4.158,36.91K,1.36%
2011-05-02,4.196,4.187,4.21,4.1075,25.09K,0.41%
2011-04-12,4.394,4.4575,4.47,4.3755,1.19K,-1.69%
2011-04-11,4.4695,4.5415,4.5415,4.4605,0.63K,-0.92%
2011-04-08,4.511,4.4285,4.53,4.428,0.69K,1.93%
2011-04-07,4.4255,4.372,4.439,4.3675,0.22K,1.06%
2011-04-06,4.379,4.2695,4.385,4.2695,0.23K,2.46%
2011-04-05,4.274,4.2735,4.2965,4.225,0.22K,0.22%
2011-04-04,4.2645,4.2715,4.318,4.2365,0.26K,-0.07%
2011-04-01,4.2675,4.277,4.277,4.223,0.17K,-1.15%
2011-03-11,4.2075,4.21,4.245,4.086,43.78K,0.24%
2011-03-10,4.1975,4.215,4.229,4.136,40.45K,-0.36%
2011-03-09,4.2125,4.345,4.379,4.183,54.67K,-2.90%
2011-03-08,4.3385,4.3455,4.3585,4.254,36.30K,0.27%
2011-03-07,4.327,4.488,4.5165,4.304,40.83K,-3.53%
2011-03-04,4.4855,4.491,4.554,4.465,30.79K,-0.10%
2011-03-03,4.49,4.494,4.5485,4.4705,29.12K,-0.18%
2011-03-02,4.498,4.465,4.5185,4.454,25.07K,-0.26%
2011-03-01,4.5095,4.4995,4.525,4.4485,32.52K,0.29%
2011-02-11,4.5415,4.5655,4.57,4.497,0.15K,-0.16%
2011-02-10,4.549,4.515,4.5485,4.4985,0.22K,0.42%
2011-02-09,4.53,4.5705,4.5775,4.496,0.14K,-1.09%
2011-02-08,4.58,4.538,4.6,4.538,0.01K,-0.02%
2011-02-07,4.581,4.624,4.632,4.546,0.02K,-0.09%
2011-02-04,4.585,4.5445,4.6145,4.5445,0.03K,0.77%
2011-02-03,4.55,4.5575,4.56,4.536,0.02K,0.02%
2011-02-02,4.549,4.551,4.551,4.534,0.03K,-0.04%
2011-02-01,4.551,4.4705,4.5515,4.4705,0.06K,1.96%
2011-01-12,4.4115,4.3485,4.4355,4.34,29.20K,1.44%
2011-01-11,4.349,4.287,4.362,4.273,32.01K,1.98%
2011-01-10,4.2645,4.286,4.3275,4.254,26.98K,-0.42%
2011-01-07,4.2825,4.3275,4.352,4.2505,41.74K,-1.09%
2011-01-06,4.3295,4.404,4.426,4.3115,33.81K,-1.78%
2011-01-05,4.408,4.383,4.4195,4.2905,39.09K,0.89%
2011-01-04,4.369,4.4345,4.466,4.353,39.10K,-1.99%
2011-01-03,4.4575,4.455,4.498,4.42,18.39K,0.24%
2010-12-10,4.1105,4.106,4.136,4.0875,0.04K,0.60%
2010-12-09,4.086,4.14,4.1415,4.071,0.01K,-0.33%
2010-12-08,4.0995,4.0155,4.111,4.01,0.18K,1.23%
2010-12-07,4.0495,4.0135,4.125,4.0035,0.12K,1.04%
2010-12-06,4.008,4.0,4.0205,3.975,0.21K,0.23%
2010-12-03,3.999,3.956,4.0,3.955,0.04K,0.50%
2010-12-02,3.979,3.945,3.988,3.937,0.10K,0.80%
2010-12-01,3.9475,3.869,3.9445,3.8235,0.09K,3.19%
2010-11-12,3.895,3.9785,4.03,3.884,0.17K,-3.22%
2010-11-11,4.0245,3.9845,4.08,3.9845,0.32K,1.30%
2010-11-10,3.973,3.9905,4.017,3.947,0.10K,-1.83%
2010-11-09,4.047,3.949,4.0425,3.932,0.25K,2.17%
2010-11-08,3.961,3.9775,3.981,3.9335,0.13K,0.19%
2010-11-05,3.9535,3.933,3.992,3.926,0.19K,0.93%
2010-11-04,3.917,3.8325,3.9135,3.8325,0.11K,3.34%
2010-11-03,3.7905,3.8355,3.8355,3.7765,0.12K,-1.39%
2010-11-02,3.844,3.797,3.8435,3.7905,0.01K,1.41%
2010-11-01,3.7905,3.7745,3.8155,3.7705,0.09K,1.38%
2010-10-12,3.7895,3.7855,3.8135,3.7175,33.03K,0.00%
2010-10-11,3.7895,3.784,3.82,3.7725,24.60K,0.40%
2010-10-08,3.7745,3.689,3.8015,3.6565,41.90K,2.58%
2010-10-07,3.6795,3.7625,3.7845,3.6565,41.65K,-1.96%
2010-10-06,3.753,3.7255,3.7895,3.723,24.96K,0.71%
2010-10-05,3.7265,3.666,3.745,3.6445,29.03K,1.71%
2010-10-04,3.664,3.697,3.719,3.653,20.10K,-0.72%
2010-10-01,3.6905,3.655,3.722,3.6535,24.90K,1.07%
2010-09-10,3.4035,3.415,3.4455,3.3985,0.10K,-1.08%
2010-09-09,3.4405,3.426,3.436,3.42,0.21K,-1.62%
2010-09-08,3.497,3.4675,3.495,3.4675,0.43K,0.81%
2010-09-07,3.469,3.5,3.5,3.4475,0.04K,-0.84%
2010-09-03,3.4985,3.478,3.528,3.478,0.04K,0.14%
2010-09-02,3.4935,3.473,3.501,3.473,0.04K,0.52%
2010-09-01,3.4755,3.4325,3.479,3.4245,0.18K,3.18%
2010-08-12,3.293,3.257,3.3005,3.243,0.11K,0.92%
2010-08-11,3.263,3.3195,3.322,3.2565,0.16K,-1.76%
2010-08-10,3.3215,3.3605,3.3605,3.2835,0.19K,-1.22%
2010-08-09,3.3625,3.3795,3.3965,3.356,0.07K,0.33%
2010-08-06,3.3515,3.36,3.38,3.3505,0.67K,-0.30%
2010-08-05,3.3615,3.412,3.412,3.3545,0.11K,-1.49%
2010-08-04,3.4125,3.3635,3.4025,3.3615,0.08K,1.37%
2010-08-03,3.3665,3.3745,3.3745,3.348,0.39K,-0.93%
2010-08-02,3.398,3.322,3.3995,3.322,1.06K,2.35%
2010-07-12,3.009,3.0565,3.065,2.985,21.32K,-1.46%
2010-07-09,3.0535,3.0295,3.0705,3.016,18.42K,1.26%
2010-07-08,3.0155,3.038,3.0545,2.991,22.76K,0.02%
2010-07-07,3.015,2.9645,3.047,2.9435,21.80K,1.48%
2010-07-06,2.971,2.9285,3.02,2.905,30.25K,1.89%
2010-07-02,2.916,2.8955,2.958,2.8945,23.93K,1.36%
2010-07-01,2.877,2.91,2.936,2.8555,36.67K,-2.49%
2010-06-11,2.9145,2.892,2.9485,2.881,0.71K,1.46%
2010-06-10,2.8725,2.8375,2.914,2.8155,0.15K,0.44%
2010-06-09,2.86,2.8325,2.88,2.7795,0.25K,2.51%
2010-06-08,2.79,2.77,2.8145,2.742,0.09K,0.49%
2010-06-07,2.7765,2.8,2.8055,2.737,0.16K,-1.87%
2010-06-04,2.8295,2.965,2.9955,2.805,0.38K,-4.30%
2010-06-03,2.9565,3.0805,3.0805,2.94,0.18K,-3.08%
2010-06-02,3.0505,3.052,3.0675,2.985,0.09K,-0.73%
2010-06-01,3.073,3.1325,3.1415,3.032,0.12K,-1.35%
2010-05-12,3.188,3.1725,3.244,3.135,31.24K,-0.58%
2010-05-11,3.2065,3.227,3.2375,3.1285,30.46K,-0.67%
2010-05-10,3.228,3.1905,3.2675,3.1665,32.69K,2.66%
2010-05-07,3.1445,3.0775,3.179,3.062,47.86K,0.88%
2010-05-06,3.117,3.1515,3.209,3.05,58.53K,-1.09%
2010-05-05,3.1515,3.1705,3.2055,3.0055,61.58K,-0.85%
2010-05-04,3.1785,3.295,3.328,3.166,44.39K,-3.49%
2010-05-03,3.2935,3.356,3.3635,3.2735,24.52K,-1.79%
2010-04-12,3.5755,3.635,3.6545,3.56,0.20K,-0.69%
2010-04-09,3.6005,3.6075,3.6285,3.5935,0.10K,0.08%
2010-04-08,3.5975,3.5715,3.6,3.555,0.14K,-0.29%
2010-04-07,3.608,3.631,3.631,3.585,0.08K,-0.54%
2010-04-06,3.6275,3.631,3.6485,3.6135,0.14K,-0.40%
2010-04-05,3.642,3.5935,3.646,3.5935,0.10K,1.35%
2010-04-01,3.5935,3.5585,3.61,3.555,0.10K,0.86%
2010-03-12,3.38,3.39,3.4065,3.3585,23.20K,0.09%
2010-03-11,3.377,3.38,3.3995,3.3385,31.16K,0.27%
2010-03-10,3.368,3.399,3.446,3.3505,34.93K,-1.28%
2010-03-09,3.4115,3.425,3.425,3.355,25.37K,0.03%
2010-03-08,3.4105,3.418,3.465,3.3855,26.18K,-0.20%
2010-03-05,3.4175,3.3755,3.4585,3.3655,29.96K,1.24%
2010-03-04,3.3755,3.422,3.435,3.3485,34.23K,-1.73%
2010-03-03,3.435,3.4055,3.472,3.351,40.08K,0.69%
2010-03-02,3.4115,3.3455,3.415,3.29,31.18K,1.84%
2010-03-01,3.35,3.383,3.487,3.322,46.16K,2.01%
2010-02-12,3.0925,3.1465,3.1465,3.0635,0.44K,-1.61%
2010-02-11,3.143,3.014,3.1495,3.014,0.11K,4.80%
2010-02-10,2.999,2.986,3.0085,2.9415,0.29K,0.08%
2010-02-09,2.9965,2.906,3.006,2.906,0.10K,2.55%
2010-02-08,2.922,2.88,2.924,2.8775,0.13K,1.95%
2010-02-05,2.866,2.894,2.9,2.83,0.15K,-0.71%
2010-02-04,2.8865,2.9955,2.9955,2.865,0.13K,-3.15%
2010-02-03,2.9805,3.1325,3.15,2.965,0.19K,-3.75%
2010-02-02,3.0965,3.0905,3.123,3.0655,0.10K,0.18%
2010-02-01,3.091,3.015,3.1135,3.015,0.08K,1.03%
2010-01-12,3.3495,3.4455,3.4625,3.305,33.04K,-2.66%
2010-01-11,3.441,3.43,3.504,3.413,21.42K,1.19%
2010-01-08,3.4005,3.434,3.448,3.3915,26.08K,-0.77%
2010-01-07,3.427,3.4905,3.544,3.4255,24.01K,-1.93%
2010-01-06,3.4945,3.419,3.522,3.4125,25.93K,2.37%
2010-01-05,3.4135,3.4135,3.4295,3.382,18.11K,0.22%
2010-01-04,3.406,3.35,3.429,3.3465,22.61K,1.78%
2009-12-11,3.1245,3.132,3.132,3.107,0.23K,0.97%
2009-12-10,3.0945,3.114,3.13,3.076,0.10K,-0.63%
2009-12-09,3.114,3.153,3.1715,3.1,0.19K,-1.33%
2009-12-08,3.156,3.1995,3.23,3.139,0.14K,-1.39%
2009-12-07,3.2005,3.2015,3.208,3.155,0.15K,-0.87%
2009-12-04,3.2285,3.22,3.2565,3.193,0.07K,-0.25%
2009-12-03,3.2365,3.24,3.2475,3.23,0.02K,-0.40%
2009-12-02,3.2495,3.255,3.26,3.2375,0.49K,0.85%
2009-12-01,3.222,3.175,3.2095,3.1495,0.13K,1.70%
2009-11-12,2.957,2.994,2.9995,2.9405,0.32K,-0.61%
2009-11-11,2.975,2.977,3.03,2.9665,0.17K,0.17%
2009-11-10,2.97,2.954,2.98,2.954,0.87K,-0.20%
2009-11-09,2.976,2.991,3.0075,2.977,0.26K,0.51%
2009-11-06,2.961,2.962,2.9965,2.936,1.46K,-0.10%
2009-11-05,2.964,2.97,2.9765,2.965,0.06K,-1.18%
2009-11-04,2.9995,3.0015,3.0155,2.9915,0.14K,1.25%
2009-11-03,2.9625,2.9615,2.9835,2.904,0.58K,0.41%
2009-11-02,2.9505,2.952,2.986,2.948,0.07K,-0.34%
2009-10-12,2.857,2.85,2.877,2.838,10.75K,0.67%
2009-10-09,2.838,2.8865,2.8915,2.8225,17.28K,-2.09%
2009-10-08,2.8985,2.7885,2.901,2.785,30.44K,4.28%
2009-10-07,2.7795,2.766,2.804,2.751,20.89K,-0.18%
2009-10-06,2.7845,2.7305,2.815,2.727,20.98K,2.11%
2009-10-05,2.727,2.689,2.74,2.653,16.43K,1.70%
2009-10-02,2.6815,2.718,2.725,2.64,21.96K,-2.03%
2009-10-01,2.737,2.8145,2.8225,2.7055,22.43K,-2.91%
2009-09-11,2.84,2.8775,2.89,2.8225,0.03K,-1.05%
2009-09-10,2.87,2.906,2.906,2.8405,0.22K,-1.64%
2009-09-09,2.918,2.949,2.949,2.9165,0.02K,-1.08%
2009-09-08,2.95,2.95,2.95,2.95,0.02K,3.13%
2009-09-04,2.8605,2.88,2.8855,2.84,0.03K,0.07%
2009-09-03,2.8585,2.8295,2.8665,2.813,0.03K,1.38%
2009-09-02,2.8195,2.791,2.812,2.74,0.03K,0.27%
2009-09-01,2.812,2.883,2.8955,2.7955,0.07K,-0.32%
2009-08-12,2.827,2.7565,2.8295,2.723,0.06K,3.14%
2009-08-11,2.741,2.7835,2.8,2.74,0.22K,-1.23%
2009-08-10,2.775,2.781,2.827,2.77,0.48K,-0.52%
2009-08-07,2.7895,2.7275,2.812,2.7045,0.23K,1.23%
2009-08-06,2.7555,2.8005,2.8005,2.74,0.11K,-2.13%
2009-08-05,2.8155,2.8,2.836,2.7955,0.34K,0.61%
2009-08-04,2.7985,2.7,2.7975,2.7,0.03K,2.08%
2009-08-03,2.7415,2.716,2.756,2.716,0.06K,4.46%
2009-07-10,2.2115,2.222,2.243,2.1865,14.51K,-1.16%
2009-07-09,2.2375,2.163,2.2435,2.155,19.25K,3.64%
2009-07-08,2.159,2.201,2.24,2.142,20.39K,-2.99%
2009-07-07,2.2255,2.262,2.297,2.2005,15.45K,-1.64%
2009-07-06,2.2625,2.2705,2.311,2.2055,16.05K,-1.87%
2009-07-02,2.3055,2.3355,2.344,2.266,14.67K,-1.07%
2009-07-01,2.3305,2.274,2.369,2.2705,16.83K,2.57%
2009-06-12,2.3785,2.4225,2.423,2.37,0.06K,-2.92%
2009-06-11,2.45,2.377,2.456,2.3555,0.07K,3.29%
2009-06-10,2.372,2.3615,2.4,2.3515,0.06K,0.04%
2009-06-09,2.371,2.279,2.3735,2.279,0.12K,4.96%
2009-06-08,2.259,2.2875,2.3075,2.2395,0.14K,-1.35%
2009-06-05,2.29,2.3305,2.331,2.2415,0.15K,-0.72%
2009-06-04,2.3065,2.243,2.315,2.2265,0.10K,4.04%
2009-06-03,2.217,2.296,2.3225,2.205,0.14K,-3.67%
2009-06-02,2.3015,2.346,2.346,2.2855,0.07K,-0.90%
2009-06-01,2.3225,2.191,2.327,2.191,0.10K,5.59%
2009-05-12,2.086,2.0785,2.155,2.063,16.01K,-0.12%
2009-05-11,2.0885,2.145,2.154,2.058,14.95K,-2.66%
2009-05-08,2.1455,2.162,2.206,2.099,15.10K,-0.88%
2009-05-07,2.1645,2.1885,2.217,2.114,14.18K,-1.03%
2009-05-06,2.187,2.074,2.2015,2.061,15.82K,5.02%
2009-05-05,2.0825,2.14,2.177,2.0645,13.35K,-2.87%
2009-05-04,2.144,2.1135,2.17,2.1135,9.23K,2.05%
2009-05-01,2.101,2.0415,2.12,2.0375,10.38K,2.61%
2009-04-09,2.0775,1.997,2.0825,1.997,0.27K,3.59%
2009-04-08,2.0055,1.99,2.0165,1.957,0.13K,0.45%
2009-04-07,1.9965,1.966,2.0155,1.963,0.51K,1.71%
2009-04-06,1.963,2.0015,2.031,1.9475,0.36K,-2.14%
2009-04-03,2.006,1.884,2.018,1.884,0.41K,5.91%
2009-04-02,1.894,1.8535,1.901,1.8515,1.22K,2.24%
2009-04-01,1.8525,1.84,1.855,1.802,0.11K,0.19%
2009-03-12,1.6245,1.631,1.69,1.585,11.68K,-0.06%
2009-03-11,1.6255,1.685,1.698,1.6185,13.19K,-3.50%
2009-03-10,1.6845,1.649,1.706,1.6385,12.56K,2.74%
2009-03-09,1.6395,1.6925,1.701,1.626,12.90K,-2.93%
2009-03-06,1.689,1.642,1.7185,1.636,10.29K,2.15%
2009-03-05,1.6535,1.715,1.72,1.634,12.16K,-2.39%
2009-03-04,1.694,1.607,1.737,1.5925,20.63K,5.58%
2009-03-03,1.6045,1.521,1.631,1.515,13.91K,5.84%
2009-03-02,1.516,1.5495,1.5495,1.506,9.73K,-1.46%
2009-02-12,1.5425,1.565,1.566,1.5135,0.80K,-0.26%
2009-02-11,1.5465,1.58,1.58,1.519,0.66K,-2.21%
2009-02-10,1.5815,1.61,1.635,1.557,0.67K,-2.38%
2009-02-09,1.62,1.6475,1.66,1.61,0.63K,-0.98%
2009-02-06,1.636,1.5175,1.6345,1.5175,0.31K,8.56%
2009-02-05,1.507,1.518,1.55,1.492,0.44K,-2.02%
2009-02-04,1.538,1.525,1.5685,1.519,0.28K,0.59%
2009-02-03,1.529,1.4525,1.531,1.4525,0.50K,6.25%
2009-02-02,1.439,1.4535,1.4615,1.417,0.25K,-2.47%
2009-01-12,1.4885,1.5495,1.596,1.455,14.42K,-4.55%
2009-01-09,1.5595,1.484,1.565,1.474,18.04K,5.44%
2009-01-08,1.479,1.506,1.5225,1.4465,16.17K,-2.15%
2009-01-07,1.5115,1.587,1.6225,1.5,13.72K,-4.52%
2009-01-06,1.583,1.4525,1.587,1.45,16.84K,8.50%
2009-01-05,1.459,1.469,1.498,1.416,10.65K,-0.14%
2009-01-02,1.461,1.3955,1.485,1.3715,8.42K,3.62%
2008-12-12,1.425,1.3855,1.461,1.3855,0.04K,-5.41%
2008-12-11,1.5065,1.477,1.511,1.477,0.07K,1.11%
2008-12-10,1.49,1.4685,1.5075,1.457,0.11K,3.44%
2008-12-09,1.4405,1.47,1.47,1.4145,0.15K,-3.55%
2008-12-08,1.4935,1.4255,1.537,1.4255,0.14K,8.74%
2008-12-05,1.3735,1.4565,1.4565,1.3705,0.22K,-6.63%
2008-12-04,1.471,1.559,1.5665,1.445,0.21K,-5.37%
2008-12-03,1.5545,1.587,1.5925,1.521,0.29K,-2.84%
2008-12-02,1.6,1.5985,1.6115,1.58,0.17K,-1.45%
2008-12-01,1.6235,1.6495,1.67,1.5915,0.24K,-1.25%
2008-11-12,1.6585,1.671,1.671,1.591,0.06K,0.48%
2008-11-11,1.6505,1.7455,1.7455,1.648,0.13K,-5.98%
2008-11-10,1.7555,1.779,1.88,1.753,0.48K,3.30%
2008-11-07,1.6995,1.7355,1.7445,1.7,0.13K,-1.34%
2008-11-06,1.7225,1.81,1.81,1.7125,0.06K,-5.31%
2008-11-05,1.819,1.929,1.929,1.806,0.13K,-7.24%
2008-11-04,1.961,1.866,2.0125,1.8,0.11K,6.34%
2008-11-03,1.844,1.893,1.893,1.7975,0.06K,0.52%
2008-10-10,2.1445,2.295,2.2995,2.05,17.89K,-10.87%
2008-10-09,2.406,2.325,2.4375,2.256,10.38K,2.17%
2008-10-08,2.355,2.4195,2.5645,2.285,15.49K,-7.08%
2008-10-07,2.5345,2.468,2.594,2.4025,13.07K,1.66%
2008-10-06,2.493,2.645,2.645,2.3525,16.17K,-7.32%
2008-10-03,2.69,2.63,2.718,2.571,15.14K,2.38%
2008-10-02,2.6275,2.7615,2.824,2.603,11.47K,-5.81%
2008-10-01,2.7895,2.891,2.9345,2.749,12.93K,-3.11%
2008-09-12,3.198,3.145,3.2325,3.1255,0.29K,2.14%
2008-09-11,3.131,3.1155,3.136,3.0685,0.11K,0.32%
2008-09-10,3.121,3.058,3.1335,3.057,0.03K,0.84%
2008-09-09,3.095,3.1125,3.1325,3.063,0.06K,-0.31%
2008-09-08,3.1045,3.1605,3.1725,3.1,0.08K,-0.21%
2008-09-05,3.111,3.22,3.22,3.11,0.21K,-5.12%
2008-09-04,3.279,3.3315,3.363,3.26,0.06K,-1.47%
2008-09-03,3.328,3.2855,3.34,3.2745,0.05K,1.19%
2008-09-02,3.289,3.35,3.35,3.19,0.13K,-3.25%
2008-08-12,3.228,3.28,3.295,3.2255,0.18K,-1.97%
2008-08-11,3.293,3.32,3.334,3.296,0.17K,-1.23%
2008-08-08,3.334,3.3925,3.3925,3.3115,0.19K,-2.46%
2008-08-07,3.418,3.4095,3.456,3.408,0.28K,-0.13%
2008-08-06,3.4225,3.4215,3.47,3.419,0.20K,0.23%
2008-08-05,3.4145,3.429,3.456,3.4,0.20K,-0.70%
2008-08-04,3.4385,3.55,3.55,3.425,0.30K,-3.78%
2008-08-01,3.5735,3.6565,3.6565,3.559,0.06K,-2.26%
2008-07-11,3.74,3.7225,3.799,3.719,8.63K,0.58%
2008-07-10,3.7185,3.7265,3.791,3.672,11.26K,-0.55%
2008-07-09,3.739,3.697,3.753,3.642,14.01K,1.15%
2008-07-08,3.6965,3.8375,3.861,3.684,20.86K,-3.96%
2008-07-07,3.849,3.8745,3.9,3.803,15.01K,-2.53%
2008-07-03,3.949,4.0235,4.045,3.926,15.83K,-2.82%
2008-07-02,4.0635,3.894,4.08,3.8775,22.95K,3.91%
2008-07-01,3.9105,3.8695,3.9245,3.85,8.34K,0.72%
2008-06-12,3.539,3.57,3.5825,3.51,0.13K,-1.15%
2008-06-11,3.58,3.556,3.592,3.556,0.04K,0.51%
2008-06-10,3.562,3.611,3.611,3.556,0.25K,-1.44%
2008-06-09,3.614,3.6405,3.6645,3.586,0.20K,-0.29%
2008-06-06,3.6245,3.5705,3.6605,3.5705,0.09K,2.26%
2008-06-05,3.5445,3.535,3.555,3.5155,0.23K,-0.03%
2008-06-04,3.5455,3.567,3.575,3.545,0.10K,-0.95%
2008-06-03,3.5795,3.587,3.5995,3.5645,0.17K,-0.51%
2008-06-02,3.598,3.57,3.606,3.5595,0.26K,-0.22%
2008-05-12,3.7495,3.712,3.775,3.6855,10.94K,0.89%
2008-05-09,3.7165,3.796,3.8,3.6775,12.47K,-1.87%
2008-05-08,3.7875,3.8395,3.851,3.753,9.59K,-1.21%
2008-05-07,3.834,3.8795,3.885,3.8165,8.91K,-1.15%
2008-05-06,3.8785,3.942,3.942,3.8325,11.01K,-1.75%
2008-05-05,3.9475,3.828,4.2605,3.82,19.52K,3.32%
2008-05-02,3.8205,3.724,3.8525,3.7,14.34K,3.41%
2008-05-01,3.6945,3.9075,3.93,3.6675,24.64K,-5.38%
2008-04-11,3.9435,3.9065,3.97,3.9065,0.12K,0.63%
2008-04-10,3.919,3.98,4.009,3.91,0.10K,-1.88%
2008-04-09,3.994,3.875,4.0065,3.862,0.06K,2.75%
2008-04-08,3.887,3.9,3.92,3.8785,0.04K,-2.19%
2008-04-07,3.974,3.9565,3.985,3.93,0.34K,0.57%
2008-04-04,3.9515,3.8805,3.9585,3.8625,0.15K,1.48%
2008-04-03,3.894,3.875,3.915,3.8365,0.32K,0.49%
2008-04-02,3.875,3.785,3.886,3.78,0.05K,1.87%
2008-04-01,3.804,3.804,3.8165,3.728,0.06K,-0.60%
2008-03-12,3.837,3.792,3.8445,3.75,8.08K,1.36%
2008-03-11,3.7855,3.8,3.8905,3.762,12.11K,-0.25%
2008-03-10,3.795,3.9155,3.925,3.7695,13.54K,-3.23%
2008-03-07,3.9215,3.898,3.945,3.856,9.68K,0.46%
2008-03-06,3.9035,3.964,4.024,3.85,13.52K,-1.97%
2008-03-05,3.982,3.8265,3.985,3.792,13.89K,4.20%
2008-03-04,3.8215,3.935,3.9515,3.803,11.69K,-2.72%
2008-03-03,3.9285,3.8465,3.967,3.8355,13.21K,1.91%
2008-02-12,3.5655,3.5435,3.5935,3.543,0.05K,0.10%
2008-02-11,3.562,3.5525,3.5795,3.5305,0.11K,0.78%
2008-02-08,3.5345,3.43,3.5515,3.43,0.33K,2.11%
2008-02-07,3.4615,3.298,3.463,3.2975,0.15K,4.29%
2008-02-06,3.319,3.209,3.325,3.209,0.06K,2.96%
2008-02-05,3.2235,3.314,3.317,3.2095,0.06K,-2.61%
2008-02-04,3.31,3.307,3.33,3.2775,0.11K,0.81%
2008-02-01,3.2835,3.303,3.3345,3.278,0.07K,-0.71%
2008-01-11,3.304,3.281,3.327,3.253,9.70K,0.69%
2008-01-10,3.2815,3.293,3.3065,3.215,12.89K,-0.06%
2008-01-09,3.2835,3.259,3.3785,3.259,12.51K,-0.45%
2008-01-08,3.2985,3.1305,3.32,3.13,19.91K,5.01%
2008-01-07,3.141,3.131,3.189,3.106,8.78K,-0.52%
2008-01-04,3.1575,3.182,3.235,3.105,16.17K,-0.96%
2008-01-03,3.188,3.0625,3.19,3.055,12.61K,4.05%
2008-01-02,3.064,3.041,3.12,3.0355,8.86K,0.76%
